
SET search_path TO math, public;

BEGIN;

INSERT INTO roles (id, codigo, nombre, descripcion) VALUES (1, 'ADMIN', 'Administrador', 'Acceso total al sistema');
INSERT INTO roles (id, codigo, nombre, descripcion) VALUES (2, 'ESTUDIANTE', 'Estudiante', 'Aspirante que usa la plataforma');
INSERT INTO roles (id, codigo, nombre, descripcion) VALUES (3, 'TUTOR', 'Tutor/Instructor', 'Creador y gestor de contenido académico');
INSERT INTO roles (id, codigo, nombre, descripcion) VALUES (4, 'REVISOR', 'Revisor/Moderador', 'Valida contenido y modera el foro');
INSERT INTO usuarios (id, rol_id, nombres, apellidos, correo, password_hash, activo) VALUES (1, 1, 'Kenny', 'Salazar', 'kenny.salazar@ingeniamath.gt', '$2y$12$tM./sUe1VKcdt4gAUr12cu8U4gfbRiPPRtLoYj6f3n9UlxrUTse6u', TRUE);
INSERT INTO usuarios (id, rol_id, nombres, apellidos, correo, password_hash, activo) VALUES (2, 1, 'Marco', 'Lopez', 'marco.lopez@ingeniamath.gt', '$2y$12$tM./sUe1VKcdt4gAUr12cu8U4gfbRiPPRtLoYj6f3n9UlxrUTse6u', TRUE);
INSERT INTO usuarios (id, rol_id, nombres, apellidos, correo, password_hash, activo) VALUES (3, 1, 'Ivan', 'Palacios', 'ivan.palacios@ingeniamath.gt', '$2y$12$tM./sUe1VKcdt4gAUr12cu8U4gfbRiPPRtLoYj6f3n9UlxrUTse6u', TRUE);
INSERT INTO usuarios (id, rol_id, nombres, apellidos, correo, password_hash, activo) VALUES (4, 2, 'Ana', 'Morales', 'ana.morales@correo.com', '$2y$12$tM./sUe1VKcdt4gAUr12cu8U4gfbRiPPRtLoYj6f3n9UlxrUTse6u', TRUE);
INSERT INTO usuarios (id, rol_id, nombres, apellidos, correo, password_hash, activo) VALUES (5, 2, 'Luis', 'Perez', 'luis.perez@correo.com', '$2y$12$tM./sUe1VKcdt4gAUr12cu8U4gfbRiPPRtLoYj6f3n9UlxrUTse6u', TRUE);
INSERT INTO usuarios (id, rol_id, nombres, apellidos, correo, password_hash, activo) VALUES (6, 2, 'Andrea', 'Castillo', 'andrea.castillo@correo.com','$2y$12$tM./sUe1VKcdt4gAUr12cu8U4gfbRiPPRtLoYj6f3n9UlxrUTse6u', TRUE);
INSERT INTO usuarios (id, rol_id, nombres, apellidos, correo, password_hash, activo) VALUES (7, 2, 'Carlos', 'Hernandez', 'carlos.hernandez@correo.com', '$2y$12$tM./sUe1VKcdt4gAUr12cu8U4gfbRiPPRtLoYj6f3n9UlxrUTse6u', TRUE);
INSERT INTO usuarios (id, rol_id, nombres, apellidos, correo, password_hash, activo) VALUES (8, 2, 'Sofia', 'Ramirez', 'sofia.ramirez@correo.com','$2y$12$tM./sUe1VKcdt4gAUr12cu8U4gfbRiPPRtLoYj6f3n9UlxrUTse6u', TRUE);
INSERT INTO usuarios (id, rol_id, nombres, apellidos, correo, password_hash, activo) VALUES (9, 3, 'Escarlett', 'Castillo', 'escarlett.castillo@ingeniamath.gt', '$2y$12$tM./sUe1VKcdt4gAUr12cu8U4gfbRiPPRtLoYj6f3n9UlxrUTse6u', TRUE);
INSERT INTO usuarios (id, rol_id, nombres, apellidos, correo, password_hash, activo) VALUES (10, 3, 'Brandon', 'Hernandez', 'brandon.hernandez@ingeniamath.gt', '$2y$12$tM./sUe1VKcdt4gAUr12cu8U4gfbRiPPRtLoYj6f3n9UlxrUTse6u', TRUE);
INSERT INTO usuarios (id, rol_id, nombres, apellidos, correo, password_hash, activo) VALUES (11, 3, 'Mario', 'Gomez', 'mario.gomez@ingeniamath.gt', '$2y$12$tM./sUe1VKcdt4gAUr12cu8U4gfbRiPPRtLoYj6f3n9UlxrUTse6u', TRUE);
INSERT INTO usuarios (id, rol_id, nombres, apellidos, correo, password_hash, activo) VALUES (12, 3, 'Paola', 'Diaz', 'paola.diaz@ingeniamath.gt', '$2y$12$tM./sUe1VKcdt4gAUr12cu8U4gfbRiPPRtLoYj6f3n9UlxrUTse6u', TRUE);
INSERT INTO usuarios (id, rol_id, nombres, apellidos, correo, password_hash, activo) VALUES (13, 4, 'Walter', 'Reyes', 'walter.reyes@ingeniamath.gt', '$2y$12$tM./sUe1VKcdt4gAUr12cu8U4gfbRiPPRtLoYj6f3n9UlxrUTse6u', TRUE);
INSERT INTO usuarios (id, rol_id, nombres, apellidos, correo, password_hash, activo) VALUES (14, 4, 'Lucia', 'Mendez', 'lucia.mendez@ingeniamath.gt', '$2y$12$tM./sUe1VKcdt4gAUr12cu8U4gfbRiPPRtLoYj6f3n9UlxrUTse6u', TRUE);
INSERT INTO usuarios (id, rol_id, nombres, apellidos, correo, password_hash, activo) VALUES (15, 4, 'David', 'Ortega', 'david.ortega@ingeniamath.gt', '$2y$12$tM./sUe1VKcdt4gAUr12cu8U4gfbRiPPRtLoYj6f3n9UlxrUTse6u', TRUE);
INSERT INTO perfiles_estudiante (usuario_id, horas_disponibles_semana, racha_actual_dias, fecha_objetivo_examen) VALUES (4, 12.0, 4, '2026-10-15');
INSERT INTO perfiles_estudiante (usuario_id, horas_disponibles_semana, racha_actual_dias, fecha_objetivo_examen) VALUES (5, 10.0, 6, '2026-10-15');
INSERT INTO perfiles_estudiante (usuario_id, horas_disponibles_semana, racha_actual_dias, fecha_objetivo_examen) VALUES (6, 8.0, 1, '2026-10-15');
INSERT INTO perfiles_estudiante (usuario_id, horas_disponibles_semana, racha_actual_dias, fecha_objetivo_examen) VALUES (7, 6.0, 0, '2026-10-15');
INSERT INTO perfiles_estudiante (usuario_id, horas_disponibles_semana, racha_actual_dias, fecha_objetivo_examen) VALUES (8, 14.0, 3, '2026-10-15');
INSERT INTO tutor_estudiante (id, tutor_id, estudiante_id, activo) VALUES (1, 9, 4, TRUE);
INSERT INTO tutor_estudiante (id, tutor_id, estudiante_id, activo) VALUES (2, 9, 5, TRUE);
INSERT INTO tutor_estudiante (id, tutor_id, estudiante_id, activo) VALUES (3, 10, 6, TRUE);
INSERT INTO tutor_estudiante (id, tutor_id, estudiante_id, activo) VALUES (4, 10, 7, TRUE);
INSERT INTO tutor_estudiante (id, tutor_id, estudiante_id, activo) VALUES (5, 11, 8, TRUE);
INSERT INTO modulos_tematicos (id, nombre, descripcion, orden) VALUES (1, 'Números Reales', 'Contenido de números reales y operaciones relacionadas', 1);
INSERT INTO modulos_tematicos (id, nombre, descripcion, orden) VALUES (2, 'Fundamentos de Álgebra', 'Bases algebraicas para el examen de admisión', 2);
INSERT INTO modulos_tematicos (id, nombre, descripcion, orden) VALUES (3, 'Ecuaciones e Inecuaciones', 'Resolución de ecuaciones e inecuaciones', 3);
INSERT INTO modulos_tematicos (id, nombre, descripcion, orden) VALUES (4, 'Funciones y Gráficas', 'Funciones, dominio, rango y representación gráfica', 4);
INSERT INTO modulos_tematicos (id, nombre, descripcion, orden) VALUES (5, 'Geometría Analítica', 'Recta, circunferencia, parábola y elementos analíticos', 5);
INSERT INTO modulos_tematicos (id, nombre, descripcion, orden) VALUES (6, 'Geometría', 'Teoremas, áreas, perímetros y volúmenes', 6);
INSERT INTO modulos_tematicos (id, nombre, descripcion, orden) VALUES (7, 'Trigonometría', 'Funciones trigonométricas y resolución de triángulos', 7);
INSERT INTO subtemas (id, modulo_id, nombre, descripcion, orden_complejidad) VALUES (1, 1, 'Valor absoluto', 'Subtema Valor absoluto del módulo 1', 1);
INSERT INTO subtemas (id, modulo_id, nombre, descripcion, orden_complejidad) VALUES (2, 1, 'Racionalización', 'Subtema Racionalización del módulo 1', 2);
INSERT INTO subtemas (id, modulo_id, nombre, descripcion, orden_complejidad) VALUES (3, 1, 'Proporcionalidad', 'Subtema Proporcionalidad del módulo 1', 3);
INSERT INTO subtemas (id, modulo_id, nombre, descripcion, orden_complejidad) VALUES (4, 1, 'Porcentajes', 'Subtema Porcentajes del módulo 1', 4);
INSERT INTO subtemas (id, modulo_id, nombre, descripcion, orden_complejidad) VALUES (5, 1, 'MCD y MCM', 'Subtema MCD y MCM del módulo 1', 5);
INSERT INTO subtemas (id, modulo_id, nombre, descripcion, orden_complejidad) VALUES (6, 2, 'Productos notables', 'Subtema Productos notables del módulo 2', 1);
INSERT INTO subtemas (id, modulo_id, nombre, descripcion, orden_complejidad) VALUES (7, 2, 'Factorización', 'Subtema Factorización del módulo 2', 2);
INSERT INTO subtemas (id, modulo_id, nombre, descripcion, orden_complejidad) VALUES (8, 2, 'Fracciones algebraicas', 'Subtema Fracciones algebraicas del módulo 2', 3);
INSERT INTO subtemas (id, modulo_id, nombre, descripcion, orden_complejidad) VALUES (9, 2, 'Teorema del residuo', 'Subtema Teorema del residuo del módulo 2', 4);
INSERT INTO subtemas (id, modulo_id, nombre, descripcion, orden_complejidad) VALUES (10, 3, 'Ecuaciones de primer grado', 'Subtema Ecuaciones de primer grado del módulo 3', 1);
INSERT INTO subtemas (id, modulo_id, nombre, descripcion, orden_complejidad) VALUES (11, 3, 'Ecuaciones cuadráticas', 'Subtema Ecuaciones cuadráticas del módulo 3', 2);
INSERT INTO subtemas (id, modulo_id, nombre, descripcion, orden_complejidad) VALUES (12, 3, 'Reducibles a cuadráticas', 'Subtema Reducibles a cuadráticas del módulo 3', 3);
INSERT INTO subtemas (id, modulo_id, nombre, descripcion, orden_complejidad) VALUES (13, 3, 'Inecuaciones', 'Subtema Inecuaciones del módulo 3', 4);
INSERT INTO subtemas (id, modulo_id, nombre, descripcion, orden_complejidad) VALUES (14, 4, 'Dominio y rango', 'Subtema Dominio y rango del módulo 4', 1);
INSERT INTO subtemas (id, modulo_id, nombre, descripcion, orden_complejidad) VALUES (15, 4, 'Función lineal', 'Subtema Función lineal del módulo 4', 2);
INSERT INTO subtemas (id, modulo_id, nombre, descripcion, orden_complejidad) VALUES (16, 4, 'Función cuadrática', 'Subtema Función cuadrática del módulo 4', 3);
INSERT INTO subtemas (id, modulo_id, nombre, descripcion, orden_complejidad) VALUES (17, 4, 'Composición de funciones', 'Subtema Composición de funciones del módulo 4', 4);
INSERT INTO subtemas (id, modulo_id, nombre, descripcion, orden_complejidad) VALUES (18, 5, 'Ecuación de la recta', 'Subtema Ecuación de la recta del módulo 5', 1);
INSERT INTO subtemas (id, modulo_id, nombre, descripcion, orden_complejidad) VALUES (19, 5, 'Distancia y punto medio', 'Subtema Distancia y punto medio del módulo 5', 2);
INSERT INTO subtemas (id, modulo_id, nombre, descripcion, orden_complejidad) VALUES (20, 5, 'Circunferencia', 'Subtema Circunferencia del módulo 5', 3);
INSERT INTO subtemas (id, modulo_id, nombre, descripcion, orden_complejidad) VALUES (21, 5, 'Parábola', 'Subtema Parábola del módulo 5', 4);
INSERT INTO subtemas (id, modulo_id, nombre, descripcion, orden_complejidad) VALUES (22, 6, 'Teorema de Pitágoras', 'Subtema Teorema de Pitágoras del módulo 6', 1);
INSERT INTO subtemas (id, modulo_id, nombre, descripcion, orden_complejidad) VALUES (23, 6, 'Semejanza de triángulos', 'Subtema Semejanza de triángulos del módulo 6', 2);
INSERT INTO subtemas (id, modulo_id, nombre, descripcion, orden_complejidad) VALUES (24, 6, 'Áreas y perímetros', 'Subtema Áreas y perímetros del módulo 6', 3);
INSERT INTO subtemas (id, modulo_id, nombre, descripcion, orden_complejidad) VALUES (25, 6, 'Volúmenes', 'Subtema Volúmenes del módulo 6', 4);
INSERT INTO subtemas (id, modulo_id, nombre, descripcion, orden_complejidad) VALUES (26, 7, 'Conversión grados-radianes', 'Subtema Conversión grados-radianes del módulo 7', 1);
INSERT INTO subtemas (id, modulo_id, nombre, descripcion, orden_complejidad) VALUES (27, 7, 'Funciones trigonométricas', 'Subtema Funciones trigonométricas del módulo 7', 2);
INSERT INTO subtemas (id, modulo_id, nombre, descripcion, orden_complejidad) VALUES (28, 7, 'Resolución de triángulos', 'Subtema Resolución de triángulos del módulo 7', 3);
INSERT INTO prerrequisitos_subtema (subtema_id, subtema_prerrequisito_id) VALUES (18, 6);
INSERT INTO prerrequisitos_subtema (subtema_id, subtema_prerrequisito_id) VALUES (19, 7);
INSERT INTO prerrequisitos_subtema (subtema_id, subtema_prerrequisito_id) VALUES (20, 10);
INSERT INTO prerrequisitos_subtema (subtema_id, subtema_prerrequisito_id) VALUES (21, 11);
INSERT INTO prerrequisitos_subtema (subtema_id, subtema_prerrequisito_id) VALUES (25, 22);
INSERT INTO prerrequisitos_subtema (subtema_id, subtema_prerrequisito_id) VALUES (26, 22);
INSERT INTO prerrequisitos_subtema (subtema_id, subtema_prerrequisito_id) VALUES (27, 23);
INSERT INTO ejercicios (id, modulo_id, subtema_id, tutor_id, revisor_id, nivel_dificultad, tipo_ejercicio, enunciado, respuesta_correcta_texto, solucion_paso_a_paso, explicacion_conceptual, tiempo_estimado_minutos, estado, fecha_revision, fecha_publicacion) VALUES (1, 1, 1, 9, 13, 'BASICO', 'OPCION_MULTIPLE', 'Ejercicio 1 del módulo Números Reales: resuelve un problema de Valor absoluto en nivel basico.', 'Respuesta correcta 1', 'Paso 1: identificar los datos. Paso 2: aplicar el procedimiento de Valor absoluto. Paso 3: verificar el resultado final.', 'Este ejercicio refuerza el subtema Valor absoluto dentro del módulo Números Reales.', 4, 'PUBLICADO', NOW(), NOW());
INSERT INTO ejercicios (id, modulo_id, subtema_id, tutor_id, revisor_id, nivel_dificultad, tipo_ejercicio, enunciado, respuesta_correcta_texto, solucion_paso_a_paso, explicacion_conceptual, tiempo_estimado_minutos, estado, fecha_revision, fecha_publicacion) VALUES (2, 1, 2, 10, 14, 'BASICO', 'OPCION_MULTIPLE', 'Ejercicio 2 del módulo Números Reales: resuelve un problema de Racionalización en nivel basico.', 'Respuesta correcta 2', 'Paso 1: identificar los datos. Paso 2: aplicar el procedimiento de Racionalización. Paso 3: verificar el resultado final.', 'Este ejercicio refuerza el subtema Racionalización dentro del módulo Números Reales.', 5, 'PUBLICADO', NOW(), NOW());
INSERT INTO ejercicios (id, modulo_id, subtema_id, tutor_id, revisor_id, nivel_dificultad, tipo_ejercicio, enunciado, respuesta_correcta_texto, solucion_paso_a_paso, explicacion_conceptual, tiempo_estimado_minutos, estado, fecha_revision, fecha_publicacion) VALUES (3, 1, 3, 11, 15, 'BASICO', 'OPCION_MULTIPLE', 'Ejercicio 3 del módulo Números Reales: resuelve un problema de Proporcionalidad en nivel basico.', 'Respuesta correcta 3', 'Paso 1: identificar los datos. Paso 2: aplicar el procedimiento de Proporcionalidad. Paso 3: verificar el resultado final.', 'Este ejercicio refuerza el subtema Proporcionalidad dentro del módulo Números Reales.', 6, 'PUBLICADO', NOW(), NOW());
INSERT INTO ejercicios (id, modulo_id, subtema_id, tutor_id, revisor_id, nivel_dificultad, tipo_ejercicio, enunciado, respuesta_correcta_texto, solucion_paso_a_paso, explicacion_conceptual, tiempo_estimado_minutos, estado, fecha_revision, fecha_publicacion) VALUES (4, 1, 4, 12, 13, 'BASICO', 'OPCION_MULTIPLE', 'Ejercicio 4 del módulo Números Reales: resuelve un problema de Porcentajes en nivel basico.', 'Respuesta correcta 4', 'Paso 1: identificar los datos. Paso 2: aplicar el procedimiento de Porcentajes. Paso 3: verificar el resultado final.', 'Este ejercicio refuerza el subtema Porcentajes dentro del módulo Números Reales.', 4, 'PUBLICADO', NOW(), NOW());
INSERT INTO ejercicios (id, modulo_id, subtema_id, tutor_id, revisor_id, nivel_dificultad, tipo_ejercicio, enunciado, respuesta_correcta_texto, solucion_paso_a_paso, explicacion_conceptual, tiempo_estimado_minutos, estado, fecha_revision, fecha_publicacion) VALUES (5, 1, 5, 9, 14, 'BASICO', 'OPCION_MULTIPLE', 'Ejercicio 5 del módulo Números Reales: resuelve un problema de MCD y MCM en nivel basico.', 'Respuesta correcta 5', 'Paso 1: identificar los datos. Paso 2: aplicar el procedimiento de MCD y MCM. Paso 3: verificar el resultado final.', 'Este ejercicio refuerza el subtema MCD y MCM dentro del módulo Números Reales.', 5, 'PUBLICADO', NOW(), NOW());
INSERT INTO ejercicios (id, modulo_id, subtema_id, tutor_id, revisor_id, nivel_dificultad, tipo_ejercicio, enunciado, respuesta_correcta_texto, solucion_paso_a_paso, explicacion_conceptual, tiempo_estimado_minutos, estado, fecha_revision, fecha_publicacion) VALUES (6, 1, 1, 10, 15, 'INTERMEDIO', 'OPCION_MULTIPLE', 'Ejercicio 6 del módulo Números Reales: resuelve un problema de Valor absoluto en nivel intermedio.', 'Respuesta correcta 6', 'Paso 1: identificar los datos. Paso 2: aplicar el procedimiento de Valor absoluto. Paso 3: verificar el resultado final.', 'Este ejercicio refuerza el subtema Valor absoluto dentro del módulo Números Reales.', 6, 'PUBLICADO', NOW(), NOW());
INSERT INTO ejercicios (id, modulo_id, subtema_id, tutor_id, revisor_id, nivel_dificultad, tipo_ejercicio, enunciado, respuesta_correcta_texto, solucion_paso_a_paso, explicacion_conceptual, tiempo_estimado_minutos, estado, fecha_revision, fecha_publicacion) VALUES (7, 1, 2, 11, 13, 'INTERMEDIO', 'OPCION_MULTIPLE', 'Ejercicio 7 del módulo Números Reales: resuelve un problema de Racionalización en nivel intermedio.', 'Respuesta correcta 7', 'Paso 1: identificar los datos. Paso 2: aplicar el procedimiento de Racionalización. Paso 3: verificar el resultado final.', 'Este ejercicio refuerza el subtema Racionalización dentro del módulo Números Reales.', 4, 'PUBLICADO', NOW(), NOW());
INSERT INTO ejercicios (id, modulo_id, subtema_id, tutor_id, revisor_id, nivel_dificultad, tipo_ejercicio, enunciado, respuesta_correcta_texto, solucion_paso_a_paso, explicacion_conceptual, tiempo_estimado_minutos, estado, fecha_revision, fecha_publicacion) VALUES (8, 1, 3, 12, 14, 'INTERMEDIO', 'OPCION_MULTIPLE', 'Ejercicio 8 del módulo Números Reales: resuelve un problema de Proporcionalidad en nivel intermedio.', 'Respuesta correcta 8', 'Paso 1: identificar los datos. Paso 2: aplicar el procedimiento de Proporcionalidad. Paso 3: verificar el resultado final.', 'Este ejercicio refuerza el subtema Proporcionalidad dentro del módulo Números Reales.', 5, 'PUBLICADO', NOW(), NOW());
INSERT INTO ejercicios (id, modulo_id, subtema_id, tutor_id, revisor_id, nivel_dificultad, tipo_ejercicio, enunciado, respuesta_correcta_texto, solucion_paso_a_paso, explicacion_conceptual, tiempo_estimado_minutos, estado, fecha_revision, fecha_publicacion) VALUES (9, 1, 4, 9, 15, 'INTERMEDIO', 'OPCION_MULTIPLE', 'Ejercicio 9 del módulo Números Reales: resuelve un problema de Porcentajes en nivel intermedio.', 'Respuesta correcta 9', 'Paso 1: identificar los datos. Paso 2: aplicar el procedimiento de Porcentajes. Paso 3: verificar el resultado final.', 'Este ejercicio refuerza el subtema Porcentajes dentro del módulo Números Reales.', 6, 'PUBLICADO', NOW(), NOW());
INSERT INTO ejercicios (id, modulo_id, subtema_id, tutor_id, revisor_id, nivel_dificultad, tipo_ejercicio, enunciado, respuesta_correcta_texto, solucion_paso_a_paso, explicacion_conceptual, tiempo_estimado_minutos, estado, fecha_revision, fecha_publicacion) VALUES (10, 1, 5, 10, 13, 'INTERMEDIO', 'OPCION_MULTIPLE', 'Ejercicio 10 del módulo Números Reales: resuelve un problema de MCD y MCM en nivel intermedio.', 'Respuesta correcta 10', 'Paso 1: identificar los datos. Paso 2: aplicar el procedimiento de MCD y MCM. Paso 3: verificar el resultado final.', 'Este ejercicio refuerza el subtema MCD y MCM dentro del módulo Números Reales.', 4, 'PUBLICADO', NOW(), NOW());
INSERT INTO ejercicios (id, modulo_id, subtema_id, tutor_id, revisor_id, nivel_dificultad, tipo_ejercicio, enunciado, respuesta_correcta_texto, solucion_paso_a_paso, explicacion_conceptual, tiempo_estimado_minutos, estado, fecha_revision, fecha_publicacion) VALUES (11, 2, 6, 9, 13, 'BASICO', 'OPCION_MULTIPLE', 'Ejercicio 11 del módulo Fundamentos de Álgebra: resuelve un problema de Productos notables en nivel basico.', 'Respuesta correcta 11', 'Paso 1: identificar los datos. Paso 2: aplicar el procedimiento de Productos notables. Paso 3: verificar el resultado final.', 'Este ejercicio refuerza el subtema Productos notables dentro del módulo Fundamentos de Álgebra.', 4, 'PUBLICADO', NOW(), NOW());
INSERT INTO ejercicios (id, modulo_id, subtema_id, tutor_id, revisor_id, nivel_dificultad, tipo_ejercicio, enunciado, respuesta_correcta_texto, solucion_paso_a_paso, explicacion_conceptual, tiempo_estimado_minutos, estado, fecha_revision, fecha_publicacion) VALUES (12, 2, 7, 10, 14, 'BASICO', 'OPCION_MULTIPLE', 'Ejercicio 12 del módulo Fundamentos de Álgebra: resuelve un problema de Factorización en nivel basico.', 'Respuesta correcta 12', 'Paso 1: identificar los datos. Paso 2: aplicar el procedimiento de Factorización. Paso 3: verificar el resultado final.', 'Este ejercicio refuerza el subtema Factorización dentro del módulo Fundamentos de Álgebra.', 5, 'PUBLICADO', NOW(), NOW());
INSERT INTO ejercicios (id, modulo_id, subtema_id, tutor_id, revisor_id, nivel_dificultad, tipo_ejercicio, enunciado, respuesta_correcta_texto, solucion_paso_a_paso, explicacion_conceptual, tiempo_estimado_minutos, estado, fecha_revision, fecha_publicacion) VALUES (13, 2, 8, 11, 15, 'BASICO', 'OPCION_MULTIPLE', 'Ejercicio 13 del módulo Fundamentos de Álgebra: resuelve un problema de Fracciones algebraicas en nivel basico.', 'Respuesta correcta 13', 'Paso 1: identificar los datos. Paso 2: aplicar el procedimiento de Fracciones algebraicas. Paso 3: verificar el resultado final.', 'Este ejercicio refuerza el subtema Fracciones algebraicas dentro del módulo Fundamentos de Álgebra.', 6, 'PUBLICADO', NOW(), NOW());
INSERT INTO ejercicios (id, modulo_id, subtema_id, tutor_id, revisor_id, nivel_dificultad, tipo_ejercicio, enunciado, respuesta_correcta_texto, solucion_paso_a_paso, explicacion_conceptual, tiempo_estimado_minutos, estado, fecha_revision, fecha_publicacion) VALUES (14, 2, 9, 12, 13, 'BASICO', 'OPCION_MULTIPLE', 'Ejercicio 14 del módulo Fundamentos de Álgebra: resuelve un problema de Teorema del residuo en nivel basico.', 'Respuesta correcta 14', 'Paso 1: identificar los datos. Paso 2: aplicar el procedimiento de Teorema del residuo. Paso 3: verificar el resultado final.', 'Este ejercicio refuerza el subtema Teorema del residuo dentro del módulo Fundamentos de Álgebra.', 4, 'PUBLICADO', NOW(), NOW());
INSERT INTO ejercicios (id, modulo_id, subtema_id, tutor_id, revisor_id, nivel_dificultad, tipo_ejercicio, enunciado, respuesta_correcta_texto, solucion_paso_a_paso, explicacion_conceptual, tiempo_estimado_minutos, estado, fecha_revision, fecha_publicacion) VALUES (15, 2, 6, 9, 14, 'BASICO', 'OPCION_MULTIPLE', 'Ejercicio 15 del módulo Fundamentos de Álgebra: resuelve un problema de Productos notables en nivel basico.', 'Respuesta correcta 15', 'Paso 1: identificar los datos. Paso 2: aplicar el procedimiento de Productos notables. Paso 3: verificar el resultado final.', 'Este ejercicio refuerza el subtema Productos notables dentro del módulo Fundamentos de Álgebra.', 5, 'PUBLICADO', NOW(), NOW());
INSERT INTO ejercicios (id, modulo_id, subtema_id, tutor_id, revisor_id, nivel_dificultad, tipo_ejercicio, enunciado, respuesta_correcta_texto, solucion_paso_a_paso, explicacion_conceptual, tiempo_estimado_minutos, estado, fecha_revision, fecha_publicacion) VALUES (16, 2, 7, 10, 15, 'INTERMEDIO', 'OPCION_MULTIPLE', 'Ejercicio 16 del módulo Fundamentos de Álgebra: resuelve un problema de Factorización en nivel intermedio.', 'Respuesta correcta 16', 'Paso 1: identificar los datos. Paso 2: aplicar el procedimiento de Factorización. Paso 3: verificar el resultado final.', 'Este ejercicio refuerza el subtema Factorización dentro del módulo Fundamentos de Álgebra.', 6, 'PUBLICADO', NOW(), NOW());
INSERT INTO ejercicios (id, modulo_id, subtema_id, tutor_id, revisor_id, nivel_dificultad, tipo_ejercicio, enunciado, respuesta_correcta_texto, solucion_paso_a_paso, explicacion_conceptual, tiempo_estimado_minutos, estado, fecha_revision, fecha_publicacion) VALUES (17, 2, 8, 11, 13, 'INTERMEDIO', 'OPCION_MULTIPLE', 'Ejercicio 17 del módulo Fundamentos de Álgebra: resuelve un problema de Fracciones algebraicas en nivel intermedio.', 'Respuesta correcta 17', 'Paso 1: identificar los datos. Paso 2: aplicar el procedimiento de Fracciones algebraicas. Paso 3: verificar el resultado final.', 'Este ejercicio refuerza el subtema Fracciones algebraicas dentro del módulo Fundamentos de Álgebra.', 4, 'PUBLICADO', NOW(), NOW());
INSERT INTO ejercicios (id, modulo_id, subtema_id, tutor_id, revisor_id, nivel_dificultad, tipo_ejercicio, enunciado, respuesta_correcta_texto, solucion_paso_a_paso, explicacion_conceptual, tiempo_estimado_minutos, estado, fecha_revision, fecha_publicacion) VALUES (18, 2, 9, 12, 14, 'INTERMEDIO', 'OPCION_MULTIPLE', 'Ejercicio 18 del módulo Fundamentos de Álgebra: resuelve un problema de Teorema del residuo en nivel intermedio.', 'Respuesta correcta 18', 'Paso 1: identificar los datos. Paso 2: aplicar el procedimiento de Teorema del residuo. Paso 3: verificar el resultado final.', 'Este ejercicio refuerza el subtema Teorema del residuo dentro del módulo Fundamentos de Álgebra.', 5, 'PUBLICADO', NOW(), NOW());
INSERT INTO ejercicios (id, modulo_id, subtema_id, tutor_id, revisor_id, nivel_dificultad, tipo_ejercicio, enunciado, respuesta_correcta_texto, solucion_paso_a_paso, explicacion_conceptual, tiempo_estimado_minutos, estado, fecha_revision, fecha_publicacion) VALUES (19, 2, 6, 9, 15, 'INTERMEDIO', 'OPCION_MULTIPLE', 'Ejercicio 19 del módulo Fundamentos de Álgebra: resuelve un problema de Productos notables en nivel intermedio.', 'Respuesta correcta 19', 'Paso 1: identificar los datos. Paso 2: aplicar el procedimiento de Productos notables. Paso 3: verificar el resultado final.', 'Este ejercicio refuerza el subtema Productos notables dentro del módulo Fundamentos de Álgebra.', 6, 'PUBLICADO', NOW(), NOW());
INSERT INTO ejercicios (id, modulo_id, subtema_id, tutor_id, revisor_id, nivel_dificultad, tipo_ejercicio, enunciado, respuesta_correcta_texto, solucion_paso_a_paso, explicacion_conceptual, tiempo_estimado_minutos, estado, fecha_revision, fecha_publicacion) VALUES (20, 2, 7, 10, 13, 'INTERMEDIO', 'OPCION_MULTIPLE', 'Ejercicio 20 del módulo Fundamentos de Álgebra: resuelve un problema de Factorización en nivel intermedio.', 'Respuesta correcta 20', 'Paso 1: identificar los datos. Paso 2: aplicar el procedimiento de Factorización. Paso 3: verificar el resultado final.', 'Este ejercicio refuerza el subtema Factorización dentro del módulo Fundamentos de Álgebra.', 4, 'PUBLICADO', NOW(), NOW());
INSERT INTO ejercicios (id, modulo_id, subtema_id, tutor_id, revisor_id, nivel_dificultad, tipo_ejercicio, enunciado, respuesta_correcta_texto, solucion_paso_a_paso, explicacion_conceptual, tiempo_estimado_minutos, estado, fecha_revision, fecha_publicacion) VALUES (21, 3, 10, 9, 13, 'BASICO', 'OPCION_MULTIPLE', 'Ejercicio 21 del módulo Ecuaciones e Inecuaciones: resuelve un problema de Ecuaciones de primer grado en nivel basico.', 'Respuesta correcta 21', 'Paso 1: identificar los datos. Paso 2: aplicar el procedimiento de Ecuaciones de primer grado. Paso 3: verificar el resultado final.', 'Este ejercicio refuerza el subtema Ecuaciones de primer grado dentro del módulo Ecuaciones e Inecuaciones.', 4, 'PUBLICADO', NOW(), NOW());
INSERT INTO ejercicios (id, modulo_id, subtema_id, tutor_id, revisor_id, nivel_dificultad, tipo_ejercicio, enunciado, respuesta_correcta_texto, solucion_paso_a_paso, explicacion_conceptual, tiempo_estimado_minutos, estado, fecha_revision, fecha_publicacion) VALUES (22, 3, 11, 10, 14, 'BASICO', 'OPCION_MULTIPLE', 'Ejercicio 22 del módulo Ecuaciones e Inecuaciones: resuelve un problema de Ecuaciones cuadráticas en nivel basico.', 'Respuesta correcta 22', 'Paso 1: identificar los datos. Paso 2: aplicar el procedimiento de Ecuaciones cuadráticas. Paso 3: verificar el resultado final.', 'Este ejercicio refuerza el subtema Ecuaciones cuadráticas dentro del módulo Ecuaciones e Inecuaciones.', 5, 'PUBLICADO', NOW(), NOW());
INSERT INTO ejercicios (id, modulo_id, subtema_id, tutor_id, revisor_id, nivel_dificultad, tipo_ejercicio, enunciado, respuesta_correcta_texto, solucion_paso_a_paso, explicacion_conceptual, tiempo_estimado_minutos, estado, fecha_revision, fecha_publicacion) VALUES (23, 3, 12, 11, 15, 'BASICO', 'OPCION_MULTIPLE', 'Ejercicio 23 del módulo Ecuaciones e Inecuaciones: resuelve un problema de Reducibles a cuadráticas en nivel basico.', 'Respuesta correcta 23', 'Paso 1: identificar los datos. Paso 2: aplicar el procedimiento de Reducibles a cuadráticas. Paso 3: verificar el resultado final.', 'Este ejercicio refuerza el subtema Reducibles a cuadráticas dentro del módulo Ecuaciones e Inecuaciones.', 6, 'PUBLICADO', NOW(), NOW());
INSERT INTO ejercicios (id, modulo_id, subtema_id, tutor_id, revisor_id, nivel_dificultad, tipo_ejercicio, enunciado, respuesta_correcta_texto, solucion_paso_a_paso, explicacion_conceptual, tiempo_estimado_minutos, estado, fecha_revision, fecha_publicacion) VALUES (24, 3, 13, 12, 13, 'BASICO', 'OPCION_MULTIPLE', 'Ejercicio 24 del módulo Ecuaciones e Inecuaciones: resuelve un problema de Inecuaciones en nivel basico.', 'Respuesta correcta 24', 'Paso 1: identificar los datos. Paso 2: aplicar el procedimiento de Inecuaciones. Paso 3: verificar el resultado final.', 'Este ejercicio refuerza el subtema Inecuaciones dentro del módulo Ecuaciones e Inecuaciones.', 4, 'PUBLICADO', NOW(), NOW());
INSERT INTO ejercicios (id, modulo_id, subtema_id, tutor_id, revisor_id, nivel_dificultad, tipo_ejercicio, enunciado, respuesta_correcta_texto, solucion_paso_a_paso, explicacion_conceptual, tiempo_estimado_minutos, estado, fecha_revision, fecha_publicacion) VALUES (25, 3, 10, 9, 14, 'BASICO', 'OPCION_MULTIPLE', 'Ejercicio 25 del módulo Ecuaciones e Inecuaciones: resuelve un problema de Ecuaciones de primer grado en nivel basico.', 'Respuesta correcta 25', 'Paso 1: identificar los datos. Paso 2: aplicar el procedimiento de Ecuaciones de primer grado. Paso 3: verificar el resultado final.', 'Este ejercicio refuerza el subtema Ecuaciones de primer grado dentro del módulo Ecuaciones e Inecuaciones.', 5, 'PUBLICADO', NOW(), NOW());
INSERT INTO ejercicios (id, modulo_id, subtema_id, tutor_id, revisor_id, nivel_dificultad, tipo_ejercicio, enunciado, respuesta_correcta_texto, solucion_paso_a_paso, explicacion_conceptual, tiempo_estimado_minutos, estado, fecha_revision, fecha_publicacion) VALUES (26, 3, 11, 10, 15, 'INTERMEDIO', 'OPCION_MULTIPLE', 'Ejercicio 26 del módulo Ecuaciones e Inecuaciones: resuelve un problema de Ecuaciones cuadráticas en nivel intermedio.', 'Respuesta correcta 26', 'Paso 1: identificar los datos. Paso 2: aplicar el procedimiento de Ecuaciones cuadráticas. Paso 3: verificar el resultado final.', 'Este ejercicio refuerza el subtema Ecuaciones cuadráticas dentro del módulo Ecuaciones e Inecuaciones.', 6, 'PUBLICADO', NOW(), NOW());
INSERT INTO ejercicios (id, modulo_id, subtema_id, tutor_id, revisor_id, nivel_dificultad, tipo_ejercicio, enunciado, respuesta_correcta_texto, solucion_paso_a_paso, explicacion_conceptual, tiempo_estimado_minutos, estado, fecha_revision, fecha_publicacion) VALUES (27, 3, 12, 11, 13, 'INTERMEDIO', 'OPCION_MULTIPLE', 'Ejercicio 27 del módulo Ecuaciones e Inecuaciones: resuelve un problema de Reducibles a cuadráticas en nivel intermedio.', 'Respuesta correcta 27', 'Paso 1: identificar los datos. Paso 2: aplicar el procedimiento de Reducibles a cuadráticas. Paso 3: verificar el resultado final.', 'Este ejercicio refuerza el subtema Reducibles a cuadráticas dentro del módulo Ecuaciones e Inecuaciones.', 4, 'PUBLICADO', NOW(), NOW());
INSERT INTO ejercicios (id, modulo_id, subtema_id, tutor_id, revisor_id, nivel_dificultad, tipo_ejercicio, enunciado, respuesta_correcta_texto, solucion_paso_a_paso, explicacion_conceptual, tiempo_estimado_minutos, estado, fecha_revision, fecha_publicacion) VALUES (28, 3, 13, 12, 14, 'INTERMEDIO', 'OPCION_MULTIPLE', 'Ejercicio 28 del módulo Ecuaciones e Inecuaciones: resuelve un problema de Inecuaciones en nivel intermedio.', 'Respuesta correcta 28', 'Paso 1: identificar los datos. Paso 2: aplicar el procedimiento de Inecuaciones. Paso 3: verificar el resultado final.', 'Este ejercicio refuerza el subtema Inecuaciones dentro del módulo Ecuaciones e Inecuaciones.', 5, 'PUBLICADO', NOW(), NOW());
INSERT INTO ejercicios (id, modulo_id, subtema_id, tutor_id, revisor_id, nivel_dificultad, tipo_ejercicio, enunciado, respuesta_correcta_texto, solucion_paso_a_paso, explicacion_conceptual, tiempo_estimado_minutos, estado, fecha_revision, fecha_publicacion) VALUES (29, 3, 10, 9, 15, 'INTERMEDIO', 'OPCION_MULTIPLE', 'Ejercicio 29 del módulo Ecuaciones e Inecuaciones: resuelve un problema de Ecuaciones de primer grado en nivel intermedio.', 'Respuesta correcta 29', 'Paso 1: identificar los datos. Paso 2: aplicar el procedimiento de Ecuaciones de primer grado. Paso 3: verificar el resultado final.', 'Este ejercicio refuerza el subtema Ecuaciones de primer grado dentro del módulo Ecuaciones e Inecuaciones.', 6, 'PUBLICADO', NOW(), NOW());
INSERT INTO ejercicios (id, modulo_id, subtema_id, tutor_id, revisor_id, nivel_dificultad, tipo_ejercicio, enunciado, respuesta_correcta_texto, solucion_paso_a_paso, explicacion_conceptual, tiempo_estimado_minutos, estado, fecha_revision, fecha_publicacion) VALUES (30, 3, 11, 10, 13, 'INTERMEDIO', 'OPCION_MULTIPLE', 'Ejercicio 30 del módulo Ecuaciones e Inecuaciones: resuelve un problema de Ecuaciones cuadráticas en nivel intermedio.', 'Respuesta correcta 30', 'Paso 1: identificar los datos. Paso 2: aplicar el procedimiento de Ecuaciones cuadráticas. Paso 3: verificar el resultado final.', 'Este ejercicio refuerza el subtema Ecuaciones cuadráticas dentro del módulo Ecuaciones e Inecuaciones.', 4, 'PUBLICADO', NOW(), NOW());
INSERT INTO ejercicios (id, modulo_id, subtema_id, tutor_id, revisor_id, nivel_dificultad, tipo_ejercicio, enunciado, respuesta_correcta_texto, solucion_paso_a_paso, explicacion_conceptual, tiempo_estimado_minutos, estado, fecha_revision, fecha_publicacion) VALUES (31, 4, 14, 9, 13, 'BASICO', 'OPCION_MULTIPLE', 'Ejercicio 31 del módulo Funciones y Gráficas: resuelve un problema de Dominio y rango en nivel basico.', 'Respuesta correcta 31', 'Paso 1: identificar los datos. Paso 2: aplicar el procedimiento de Dominio y rango. Paso 3: verificar el resultado final.', 'Este ejercicio refuerza el subtema Dominio y rango dentro del módulo Funciones y Gráficas.', 4, 'PUBLICADO', NOW(), NOW());
INSERT INTO ejercicios (id, modulo_id, subtema_id, tutor_id, revisor_id, nivel_dificultad, tipo_ejercicio, enunciado, respuesta_correcta_texto, solucion_paso_a_paso, explicacion_conceptual, tiempo_estimado_minutos, estado, fecha_revision, fecha_publicacion) VALUES (32, 4, 15, 10, 14, 'BASICO', 'OPCION_MULTIPLE', 'Ejercicio 32 del módulo Funciones y Gráficas: resuelve un problema de Función lineal en nivel basico.', 'Respuesta correcta 32', 'Paso 1: identificar los datos. Paso 2: aplicar el procedimiento de Función lineal. Paso 3: verificar el resultado final.', 'Este ejercicio refuerza el subtema Función lineal dentro del módulo Funciones y Gráficas.', 5, 'PUBLICADO', NOW(), NOW());
INSERT INTO ejercicios (id, modulo_id, subtema_id, tutor_id, revisor_id, nivel_dificultad, tipo_ejercicio, enunciado, respuesta_correcta_texto, solucion_paso_a_paso, explicacion_conceptual, tiempo_estimado_minutos, estado, fecha_revision, fecha_publicacion) VALUES (33, 4, 16, 11, 15, 'BASICO', 'OPCION_MULTIPLE', 'Ejercicio 33 del módulo Funciones y Gráficas: resuelve un problema de Función cuadrática en nivel basico.', 'Respuesta correcta 33', 'Paso 1: identificar los datos. Paso 2: aplicar el procedimiento de Función cuadrática. Paso 3: verificar el resultado final.', 'Este ejercicio refuerza el subtema Función cuadrática dentro del módulo Funciones y Gráficas.', 6, 'PUBLICADO', NOW(), NOW());
INSERT INTO ejercicios (id, modulo_id, subtema_id, tutor_id, revisor_id, nivel_dificultad, tipo_ejercicio, enunciado, respuesta_correcta_texto, solucion_paso_a_paso, explicacion_conceptual, tiempo_estimado_minutos, estado, fecha_revision, fecha_publicacion) VALUES (34, 4, 17, 12, 13, 'BASICO', 'OPCION_MULTIPLE', 'Ejercicio 34 del módulo Funciones y Gráficas: resuelve un problema de Composición de funciones en nivel basico.', 'Respuesta correcta 34', 'Paso 1: identificar los datos. Paso 2: aplicar el procedimiento de Composición de funciones. Paso 3: verificar el resultado final.', 'Este ejercicio refuerza el subtema Composición de funciones dentro del módulo Funciones y Gráficas.', 4, 'PUBLICADO', NOW(), NOW());
INSERT INTO ejercicios (id, modulo_id, subtema_id, tutor_id, revisor_id, nivel_dificultad, tipo_ejercicio, enunciado, respuesta_correcta_texto, solucion_paso_a_paso, explicacion_conceptual, tiempo_estimado_minutos, estado, fecha_revision, fecha_publicacion) VALUES (35, 4, 14, 9, 14, 'BASICO', 'OPCION_MULTIPLE', 'Ejercicio 35 del módulo Funciones y Gráficas: resuelve un problema de Dominio y rango en nivel basico.', 'Respuesta correcta 35', 'Paso 1: identificar los datos. Paso 2: aplicar el procedimiento de Dominio y rango. Paso 3: verificar el resultado final.', 'Este ejercicio refuerza el subtema Dominio y rango dentro del módulo Funciones y Gráficas.', 5, 'PUBLICADO', NOW(), NOW());
INSERT INTO ejercicios (id, modulo_id, subtema_id, tutor_id, revisor_id, nivel_dificultad, tipo_ejercicio, enunciado, respuesta_correcta_texto, solucion_paso_a_paso, explicacion_conceptual, tiempo_estimado_minutos, estado, fecha_revision, fecha_publicacion) VALUES (36, 4, 15, 10, 15, 'INTERMEDIO', 'OPCION_MULTIPLE', 'Ejercicio 36 del módulo Funciones y Gráficas: resuelve un problema de Función lineal en nivel intermedio.', 'Respuesta correcta 36', 'Paso 1: identificar los datos. Paso 2: aplicar el procedimiento de Función lineal. Paso 3: verificar el resultado final.', 'Este ejercicio refuerza el subtema Función lineal dentro del módulo Funciones y Gráficas.', 6, 'PUBLICADO', NOW(), NOW());
INSERT INTO ejercicios (id, modulo_id, subtema_id, tutor_id, revisor_id, nivel_dificultad, tipo_ejercicio, enunciado, respuesta_correcta_texto, solucion_paso_a_paso, explicacion_conceptual, tiempo_estimado_minutos, estado, fecha_revision, fecha_publicacion) VALUES (37, 4, 16, 11, 13, 'INTERMEDIO', 'OPCION_MULTIPLE', 'Ejercicio 37 del módulo Funciones y Gráficas: resuelve un problema de Función cuadrática en nivel intermedio.', 'Respuesta correcta 37', 'Paso 1: identificar los datos. Paso 2: aplicar el procedimiento de Función cuadrática. Paso 3: verificar el resultado final.', 'Este ejercicio refuerza el subtema Función cuadrática dentro del módulo Funciones y Gráficas.', 4, 'PUBLICADO', NOW(), NOW());
INSERT INTO ejercicios (id, modulo_id, subtema_id, tutor_id, revisor_id, nivel_dificultad, tipo_ejercicio, enunciado, respuesta_correcta_texto, solucion_paso_a_paso, explicacion_conceptual, tiempo_estimado_minutos, estado, fecha_revision, fecha_publicacion) VALUES (38, 4, 17, 12, 14, 'INTERMEDIO', 'OPCION_MULTIPLE', 'Ejercicio 38 del módulo Funciones y Gráficas: resuelve un problema de Composición de funciones en nivel intermedio.', 'Respuesta correcta 38', 'Paso 1: identificar los datos. Paso 2: aplicar el procedimiento de Composición de funciones. Paso 3: verificar el resultado final.', 'Este ejercicio refuerza el subtema Composición de funciones dentro del módulo Funciones y Gráficas.', 5, 'PUBLICADO', NOW(), NOW());
INSERT INTO ejercicios (id, modulo_id, subtema_id, tutor_id, revisor_id, nivel_dificultad, tipo_ejercicio, enunciado, respuesta_correcta_texto, solucion_paso_a_paso, explicacion_conceptual, tiempo_estimado_minutos, estado, fecha_revision, fecha_publicacion) VALUES (39, 4, 14, 9, 15, 'INTERMEDIO', 'OPCION_MULTIPLE', 'Ejercicio 39 del módulo Funciones y Gráficas: resuelve un problema de Dominio y rango en nivel intermedio.', 'Respuesta correcta 39', 'Paso 1: identificar los datos. Paso 2: aplicar el procedimiento de Dominio y rango. Paso 3: verificar el resultado final.', 'Este ejercicio refuerza el subtema Dominio y rango dentro del módulo Funciones y Gráficas.', 6, 'PUBLICADO', NOW(), NOW());
INSERT INTO ejercicios (id, modulo_id, subtema_id, tutor_id, revisor_id, nivel_dificultad, tipo_ejercicio, enunciado, respuesta_correcta_texto, solucion_paso_a_paso, explicacion_conceptual, tiempo_estimado_minutos, estado, fecha_revision, fecha_publicacion) VALUES (40, 4, 15, 10, 13, 'INTERMEDIO', 'OPCION_MULTIPLE', 'Ejercicio 40 del módulo Funciones y Gráficas: resuelve un problema de Función lineal en nivel intermedio.', 'Respuesta correcta 40', 'Paso 1: identificar los datos. Paso 2: aplicar el procedimiento de Función lineal. Paso 3: verificar el resultado final.', 'Este ejercicio refuerza el subtema Función lineal dentro del módulo Funciones y Gráficas.', 4, 'PUBLICADO', NOW(), NOW());
INSERT INTO ejercicios (id, modulo_id, subtema_id, tutor_id, revisor_id, nivel_dificultad, tipo_ejercicio, enunciado, respuesta_correcta_texto, solucion_paso_a_paso, explicacion_conceptual, tiempo_estimado_minutos, estado, fecha_revision, fecha_publicacion) VALUES (41, 5, 18, 9, 13, 'BASICO', 'OPCION_MULTIPLE', 'Ejercicio 41 del módulo Geometría Analítica: resuelve un problema de Ecuación de la recta en nivel basico.', 'Respuesta correcta 41', 'Paso 1: identificar los datos. Paso 2: aplicar el procedimiento de Ecuación de la recta. Paso 3: verificar el resultado final.', 'Este ejercicio refuerza el subtema Ecuación de la recta dentro del módulo Geometría Analítica.', 4, 'PUBLICADO', NOW(), NOW());
INSERT INTO ejercicios (id, modulo_id, subtema_id, tutor_id, revisor_id, nivel_dificultad, tipo_ejercicio, enunciado, respuesta_correcta_texto, solucion_paso_a_paso, explicacion_conceptual, tiempo_estimado_minutos, estado, fecha_revision, fecha_publicacion) VALUES (42, 5, 19, 10, 14, 'BASICO', 'OPCION_MULTIPLE', 'Ejercicio 42 del módulo Geometría Analítica: resuelve un problema de Distancia y punto medio en nivel basico.', 'Respuesta correcta 42', 'Paso 1: identificar los datos. Paso 2: aplicar el procedimiento de Distancia y punto medio. Paso 3: verificar el resultado final.', 'Este ejercicio refuerza el subtema Distancia y punto medio dentro del módulo Geometría Analítica.', 5, 'PUBLICADO', NOW(), NOW());
INSERT INTO ejercicios (id, modulo_id, subtema_id, tutor_id, revisor_id, nivel_dificultad, tipo_ejercicio, enunciado, respuesta_correcta_texto, solucion_paso_a_paso, explicacion_conceptual, tiempo_estimado_minutos, estado, fecha_revision, fecha_publicacion) VALUES (43, 5, 20, 11, 15, 'BASICO', 'OPCION_MULTIPLE', 'Ejercicio 43 del módulo Geometría Analítica: resuelve un problema de Circunferencia en nivel basico.', 'Respuesta correcta 43', 'Paso 1: identificar los datos. Paso 2: aplicar el procedimiento de Circunferencia. Paso 3: verificar el resultado final.', 'Este ejercicio refuerza el subtema Circunferencia dentro del módulo Geometría Analítica.', 6, 'PUBLICADO', NOW(), NOW());
INSERT INTO ejercicios (id, modulo_id, subtema_id, tutor_id, revisor_id, nivel_dificultad, tipo_ejercicio, enunciado, respuesta_correcta_texto, solucion_paso_a_paso, explicacion_conceptual, tiempo_estimado_minutos, estado, fecha_revision, fecha_publicacion) VALUES (44, 5, 21, 12, 13, 'BASICO', 'OPCION_MULTIPLE', 'Ejercicio 44 del módulo Geometría Analítica: resuelve un problema de Parábola en nivel basico.', 'Respuesta correcta 44', 'Paso 1: identificar los datos. Paso 2: aplicar el procedimiento de Parábola. Paso 3: verificar el resultado final.', 'Este ejercicio refuerza el subtema Parábola dentro del módulo Geometría Analítica.', 4, 'PUBLICADO', NOW(), NOW());
INSERT INTO ejercicios (id, modulo_id, subtema_id, tutor_id, revisor_id, nivel_dificultad, tipo_ejercicio, enunciado, respuesta_correcta_texto, solucion_paso_a_paso, explicacion_conceptual, tiempo_estimado_minutos, estado, fecha_revision, fecha_publicacion) VALUES (45, 5, 18, 9, 14, 'BASICO', 'OPCION_MULTIPLE', 'Ejercicio 45 del módulo Geometría Analítica: resuelve un problema de Ecuación de la recta en nivel basico.', 'Respuesta correcta 45', 'Paso 1: identificar los datos. Paso 2: aplicar el procedimiento de Ecuación de la recta. Paso 3: verificar el resultado final.', 'Este ejercicio refuerza el subtema Ecuación de la recta dentro del módulo Geometría Analítica.', 5, 'PUBLICADO', NOW(), NOW());
INSERT INTO ejercicios (id, modulo_id, subtema_id, tutor_id, revisor_id, nivel_dificultad, tipo_ejercicio, enunciado, respuesta_correcta_texto, solucion_paso_a_paso, explicacion_conceptual, tiempo_estimado_minutos, estado, fecha_revision, fecha_publicacion) VALUES (46, 5, 19, 10, 15, 'INTERMEDIO', 'OPCION_MULTIPLE', 'Ejercicio 46 del módulo Geometría Analítica: resuelve un problema de Distancia y punto medio en nivel intermedio.', 'Respuesta correcta 46', 'Paso 1: identificar los datos. Paso 2: aplicar el procedimiento de Distancia y punto medio. Paso 3: verificar el resultado final.', 'Este ejercicio refuerza el subtema Distancia y punto medio dentro del módulo Geometría Analítica.', 6, 'PUBLICADO', NOW(), NOW());
INSERT INTO ejercicios (id, modulo_id, subtema_id, tutor_id, revisor_id, nivel_dificultad, tipo_ejercicio, enunciado, respuesta_correcta_texto, solucion_paso_a_paso, explicacion_conceptual, tiempo_estimado_minutos, estado, fecha_revision, fecha_publicacion) VALUES (47, 5, 20, 11, 13, 'INTERMEDIO', 'OPCION_MULTIPLE', 'Ejercicio 47 del módulo Geometría Analítica: resuelve un problema de Circunferencia en nivel intermedio.', 'Respuesta correcta 47', 'Paso 1: identificar los datos. Paso 2: aplicar el procedimiento de Circunferencia. Paso 3: verificar el resultado final.', 'Este ejercicio refuerza el subtema Circunferencia dentro del módulo Geometría Analítica.', 4, 'PUBLICADO', NOW(), NOW());
INSERT INTO ejercicios (id, modulo_id, subtema_id, tutor_id, revisor_id, nivel_dificultad, tipo_ejercicio, enunciado, respuesta_correcta_texto, solucion_paso_a_paso, explicacion_conceptual, tiempo_estimado_minutos, estado, fecha_revision, fecha_publicacion) VALUES (48, 5, 21, 12, 14, 'INTERMEDIO', 'OPCION_MULTIPLE', 'Ejercicio 48 del módulo Geometría Analítica: resuelve un problema de Parábola en nivel intermedio.', 'Respuesta correcta 48', 'Paso 1: identificar los datos. Paso 2: aplicar el procedimiento de Parábola. Paso 3: verificar el resultado final.', 'Este ejercicio refuerza el subtema Parábola dentro del módulo Geometría Analítica.', 5, 'PUBLICADO', NOW(), NOW());
INSERT INTO ejercicios (id, modulo_id, subtema_id, tutor_id, revisor_id, nivel_dificultad, tipo_ejercicio, enunciado, respuesta_correcta_texto, solucion_paso_a_paso, explicacion_conceptual, tiempo_estimado_minutos, estado, fecha_revision, fecha_publicacion) VALUES (49, 5, 18, 9, 15, 'INTERMEDIO', 'OPCION_MULTIPLE', 'Ejercicio 49 del módulo Geometría Analítica: resuelve un problema de Ecuación de la recta en nivel intermedio.', 'Respuesta correcta 49', 'Paso 1: identificar los datos. Paso 2: aplicar el procedimiento de Ecuación de la recta. Paso 3: verificar el resultado final.', 'Este ejercicio refuerza el subtema Ecuación de la recta dentro del módulo Geometría Analítica.', 6, 'PUBLICADO', NOW(), NOW());
INSERT INTO ejercicios (id, modulo_id, subtema_id, tutor_id, revisor_id, nivel_dificultad, tipo_ejercicio, enunciado, respuesta_correcta_texto, solucion_paso_a_paso, explicacion_conceptual, tiempo_estimado_minutos, estado, fecha_revision, fecha_publicacion) VALUES (50, 5, 19, 10, 13, 'INTERMEDIO', 'OPCION_MULTIPLE', 'Ejercicio 50 del módulo Geometría Analítica: resuelve un problema de Distancia y punto medio en nivel intermedio.', 'Respuesta correcta 50', 'Paso 1: identificar los datos. Paso 2: aplicar el procedimiento de Distancia y punto medio. Paso 3: verificar el resultado final.', 'Este ejercicio refuerza el subtema Distancia y punto medio dentro del módulo Geometría Analítica.', 4, 'PUBLICADO', NOW(), NOW());
INSERT INTO ejercicios (id, modulo_id, subtema_id, tutor_id, revisor_id, nivel_dificultad, tipo_ejercicio, enunciado, respuesta_correcta_texto, solucion_paso_a_paso, explicacion_conceptual, tiempo_estimado_minutos, estado, fecha_revision, fecha_publicacion) VALUES (51, 6, 22, 9, 13, 'BASICO', 'OPCION_MULTIPLE', 'Ejercicio 51 del módulo Geometría: resuelve un problema de Teorema de Pitágoras en nivel basico.', 'Respuesta correcta 51', 'Paso 1: identificar los datos. Paso 2: aplicar el procedimiento de Teorema de Pitágoras. Paso 3: verificar el resultado final.', 'Este ejercicio refuerza el subtema Teorema de Pitágoras dentro del módulo Geometría.', 4, 'PUBLICADO', NOW(), NOW());
INSERT INTO ejercicios (id, modulo_id, subtema_id, tutor_id, revisor_id, nivel_dificultad, tipo_ejercicio, enunciado, respuesta_correcta_texto, solucion_paso_a_paso, explicacion_conceptual, tiempo_estimado_minutos, estado, fecha_revision, fecha_publicacion) VALUES (52, 6, 23, 10, 14, 'BASICO', 'OPCION_MULTIPLE', 'Ejercicio 52 del módulo Geometría: resuelve un problema de Semejanza de triángulos en nivel basico.', 'Respuesta correcta 52', 'Paso 1: identificar los datos. Paso 2: aplicar el procedimiento de Semejanza de triángulos. Paso 3: verificar el resultado final.', 'Este ejercicio refuerza el subtema Semejanza de triángulos dentro del módulo Geometría.', 5, 'PUBLICADO', NOW(), NOW());
INSERT INTO ejercicios (id, modulo_id, subtema_id, tutor_id, revisor_id, nivel_dificultad, tipo_ejercicio, enunciado, respuesta_correcta_texto, solucion_paso_a_paso, explicacion_conceptual, tiempo_estimado_minutos, estado, fecha_revision, fecha_publicacion) VALUES (53, 6, 24, 11, 15, 'BASICO', 'OPCION_MULTIPLE', 'Ejercicio 53 del módulo Geometría: resuelve un problema de Áreas y perímetros en nivel basico.', 'Respuesta correcta 53', 'Paso 1: identificar los datos. Paso 2: aplicar el procedimiento de Áreas y perímetros. Paso 3: verificar el resultado final.', 'Este ejercicio refuerza el subtema Áreas y perímetros dentro del módulo Geometría.', 6, 'PUBLICADO', NOW(), NOW());
INSERT INTO ejercicios (id, modulo_id, subtema_id, tutor_id, revisor_id, nivel_dificultad, tipo_ejercicio, enunciado, respuesta_correcta_texto, solucion_paso_a_paso, explicacion_conceptual, tiempo_estimado_minutos, estado, fecha_revision, fecha_publicacion) VALUES (54, 6, 25, 12, 13, 'BASICO', 'OPCION_MULTIPLE', 'Ejercicio 54 del módulo Geometría: resuelve un problema de Volúmenes en nivel basico.', 'Respuesta correcta 54', 'Paso 1: identificar los datos. Paso 2: aplicar el procedimiento de Volúmenes. Paso 3: verificar el resultado final.', 'Este ejercicio refuerza el subtema Volúmenes dentro del módulo Geometría.', 4, 'PUBLICADO', NOW(), NOW());
INSERT INTO ejercicios (id, modulo_id, subtema_id, tutor_id, revisor_id, nivel_dificultad, tipo_ejercicio, enunciado, respuesta_correcta_texto, solucion_paso_a_paso, explicacion_conceptual, tiempo_estimado_minutos, estado, fecha_revision, fecha_publicacion) VALUES (55, 6, 22, 9, 14, 'BASICO', 'OPCION_MULTIPLE', 'Ejercicio 55 del módulo Geometría: resuelve un problema de Teorema de Pitágoras en nivel basico.', 'Respuesta correcta 55', 'Paso 1: identificar los datos. Paso 2: aplicar el procedimiento de Teorema de Pitágoras. Paso 3: verificar el resultado final.', 'Este ejercicio refuerza el subtema Teorema de Pitágoras dentro del módulo Geometría.', 5, 'PUBLICADO', NOW(), NOW());
INSERT INTO ejercicios (id, modulo_id, subtema_id, tutor_id, revisor_id, nivel_dificultad, tipo_ejercicio, enunciado, respuesta_correcta_texto, solucion_paso_a_paso, explicacion_conceptual, tiempo_estimado_minutos, estado, fecha_revision, fecha_publicacion) VALUES (56, 6, 23, 10, 15, 'INTERMEDIO', 'OPCION_MULTIPLE', 'Ejercicio 56 del módulo Geometría: resuelve un problema de Semejanza de triángulos en nivel intermedio.', 'Respuesta correcta 56', 'Paso 1: identificar los datos. Paso 2: aplicar el procedimiento de Semejanza de triángulos. Paso 3: verificar el resultado final.', 'Este ejercicio refuerza el subtema Semejanza de triángulos dentro del módulo Geometría.', 6, 'PUBLICADO', NOW(), NOW());
INSERT INTO ejercicios (id, modulo_id, subtema_id, tutor_id, revisor_id, nivel_dificultad, tipo_ejercicio, enunciado, respuesta_correcta_texto, solucion_paso_a_paso, explicacion_conceptual, tiempo_estimado_minutos, estado, fecha_revision, fecha_publicacion) VALUES (57, 6, 24, 11, 13, 'INTERMEDIO', 'OPCION_MULTIPLE', 'Ejercicio 57 del módulo Geometría: resuelve un problema de Áreas y perímetros en nivel intermedio.', 'Respuesta correcta 57', 'Paso 1: identificar los datos. Paso 2: aplicar el procedimiento de Áreas y perímetros. Paso 3: verificar el resultado final.', 'Este ejercicio refuerza el subtema Áreas y perímetros dentro del módulo Geometría.', 4, 'PUBLICADO', NOW(), NOW());
INSERT INTO ejercicios (id, modulo_id, subtema_id, tutor_id, revisor_id, nivel_dificultad, tipo_ejercicio, enunciado, respuesta_correcta_texto, solucion_paso_a_paso, explicacion_conceptual, tiempo_estimado_minutos, estado, fecha_revision, fecha_publicacion) VALUES (58, 6, 25, 12, 14, 'INTERMEDIO', 'OPCION_MULTIPLE', 'Ejercicio 58 del módulo Geometría: resuelve un problema de Volúmenes en nivel intermedio.', 'Respuesta correcta 58', 'Paso 1: identificar los datos. Paso 2: aplicar el procedimiento de Volúmenes. Paso 3: verificar el resultado final.', 'Este ejercicio refuerza el subtema Volúmenes dentro del módulo Geometría.', 5, 'PUBLICADO', NOW(), NOW());
INSERT INTO ejercicios (id, modulo_id, subtema_id, tutor_id, revisor_id, nivel_dificultad, tipo_ejercicio, enunciado, respuesta_correcta_texto, solucion_paso_a_paso, explicacion_conceptual, tiempo_estimado_minutos, estado, fecha_revision, fecha_publicacion) VALUES (59, 6, 22, 9, 15, 'INTERMEDIO', 'OPCION_MULTIPLE', 'Ejercicio 59 del módulo Geometría: resuelve un problema de Teorema de Pitágoras en nivel intermedio.', 'Respuesta correcta 59', 'Paso 1: identificar los datos. Paso 2: aplicar el procedimiento de Teorema de Pitágoras. Paso 3: verificar el resultado final.', 'Este ejercicio refuerza el subtema Teorema de Pitágoras dentro del módulo Geometría.', 6, 'PUBLICADO', NOW(), NOW());
INSERT INTO ejercicios (id, modulo_id, subtema_id, tutor_id, revisor_id, nivel_dificultad, tipo_ejercicio, enunciado, respuesta_correcta_texto, solucion_paso_a_paso, explicacion_conceptual, tiempo_estimado_minutos, estado, fecha_revision, fecha_publicacion) VALUES (60, 6, 23, 10, 13, 'INTERMEDIO', 'OPCION_MULTIPLE', 'Ejercicio 60 del módulo Geometría: resuelve un problema de Semejanza de triángulos en nivel intermedio.', 'Respuesta correcta 60', 'Paso 1: identificar los datos. Paso 2: aplicar el procedimiento de Semejanza de triángulos. Paso 3: verificar el resultado final.', 'Este ejercicio refuerza el subtema Semejanza de triángulos dentro del módulo Geometría.', 4, 'PUBLICADO', NOW(), NOW());
INSERT INTO ejercicios (id, modulo_id, subtema_id, tutor_id, revisor_id, nivel_dificultad, tipo_ejercicio, enunciado, respuesta_correcta_texto, solucion_paso_a_paso, explicacion_conceptual, tiempo_estimado_minutos, estado, fecha_revision, fecha_publicacion) VALUES (61, 7, 26, 9, 13, 'BASICO', 'OPCION_MULTIPLE', 'Ejercicio 61 del módulo Trigonometría: resuelve un problema de Conversión grados-radianes en nivel basico.', 'Respuesta correcta 61', 'Paso 1: identificar los datos. Paso 2: aplicar el procedimiento de Conversión grados-radianes. Paso 3: verificar el resultado final.', 'Este ejercicio refuerza el subtema Conversión grados-radianes dentro del módulo Trigonometría.', 4, 'PUBLICADO', NOW(), NOW());
INSERT INTO ejercicios (id, modulo_id, subtema_id, tutor_id, revisor_id, nivel_dificultad, tipo_ejercicio, enunciado, respuesta_correcta_texto, solucion_paso_a_paso, explicacion_conceptual, tiempo_estimado_minutos, estado, fecha_revision, fecha_publicacion) VALUES (62, 7, 27, 10, 14, 'BASICO', 'OPCION_MULTIPLE', 'Ejercicio 62 del módulo Trigonometría: resuelve un problema de Funciones trigonométricas en nivel basico.', 'Respuesta correcta 62', 'Paso 1: identificar los datos. Paso 2: aplicar el procedimiento de Funciones trigonométricas. Paso 3: verificar el resultado final.', 'Este ejercicio refuerza el subtema Funciones trigonométricas dentro del módulo Trigonometría.', 5, 'PUBLICADO', NOW(), NOW());
INSERT INTO ejercicios (id, modulo_id, subtema_id, tutor_id, revisor_id, nivel_dificultad, tipo_ejercicio, enunciado, respuesta_correcta_texto, solucion_paso_a_paso, explicacion_conceptual, tiempo_estimado_minutos, estado, fecha_revision, fecha_publicacion) VALUES (63, 7, 28, 11, 15, 'BASICO', 'OPCION_MULTIPLE', 'Ejercicio 63 del módulo Trigonometría: resuelve un problema de Resolución de triángulos en nivel basico.', 'Respuesta correcta 63', 'Paso 1: identificar los datos. Paso 2: aplicar el procedimiento de Resolución de triángulos. Paso 3: verificar el resultado final.', 'Este ejercicio refuerza el subtema Resolución de triángulos dentro del módulo Trigonometría.', 6, 'PUBLICADO', NOW(), NOW());
INSERT INTO ejercicios (id, modulo_id, subtema_id, tutor_id, revisor_id, nivel_dificultad, tipo_ejercicio, enunciado, respuesta_correcta_texto, solucion_paso_a_paso, explicacion_conceptual, tiempo_estimado_minutos, estado, fecha_revision, fecha_publicacion) VALUES (64, 7, 26, 12, 13, 'BASICO', 'OPCION_MULTIPLE', 'Ejercicio 64 del módulo Trigonometría: resuelve un problema de Conversión grados-radianes en nivel basico.', 'Respuesta correcta 64', 'Paso 1: identificar los datos. Paso 2: aplicar el procedimiento de Conversión grados-radianes. Paso 3: verificar el resultado final.', 'Este ejercicio refuerza el subtema Conversión grados-radianes dentro del módulo Trigonometría.', 4, 'PUBLICADO', NOW(), NOW());
INSERT INTO ejercicios (id, modulo_id, subtema_id, tutor_id, revisor_id, nivel_dificultad, tipo_ejercicio, enunciado, respuesta_correcta_texto, solucion_paso_a_paso, explicacion_conceptual, tiempo_estimado_minutos, estado, fecha_revision, fecha_publicacion) VALUES (65, 7, 27, 9, 14, 'BASICO', 'OPCION_MULTIPLE', 'Ejercicio 65 del módulo Trigonometría: resuelve un problema de Funciones trigonométricas en nivel basico.', 'Respuesta correcta 65', 'Paso 1: identificar los datos. Paso 2: aplicar el procedimiento de Funciones trigonométricas. Paso 3: verificar el resultado final.', 'Este ejercicio refuerza el subtema Funciones trigonométricas dentro del módulo Trigonometría.', 5, 'PUBLICADO', NOW(), NOW());
INSERT INTO ejercicios (id, modulo_id, subtema_id, tutor_id, revisor_id, nivel_dificultad, tipo_ejercicio, enunciado, respuesta_correcta_texto, solucion_paso_a_paso, explicacion_conceptual, tiempo_estimado_minutos, estado, fecha_revision, fecha_publicacion) VALUES (66, 7, 28, 10, 15, 'INTERMEDIO', 'OPCION_MULTIPLE', 'Ejercicio 66 del módulo Trigonometría: resuelve un problema de Resolución de triángulos en nivel intermedio.', 'Respuesta correcta 66', 'Paso 1: identificar los datos. Paso 2: aplicar el procedimiento de Resolución de triángulos. Paso 3: verificar el resultado final.', 'Este ejercicio refuerza el subtema Resolución de triángulos dentro del módulo Trigonometría.', 6, 'PUBLICADO', NOW(), NOW());
INSERT INTO ejercicios (id, modulo_id, subtema_id, tutor_id, revisor_id, nivel_dificultad, tipo_ejercicio, enunciado, respuesta_correcta_texto, solucion_paso_a_paso, explicacion_conceptual, tiempo_estimado_minutos, estado, fecha_revision, fecha_publicacion) VALUES (67, 7, 26, 11, 13, 'INTERMEDIO', 'OPCION_MULTIPLE', 'Ejercicio 67 del módulo Trigonometría: resuelve un problema de Conversión grados-radianes en nivel intermedio.', 'Respuesta correcta 67', 'Paso 1: identificar los datos. Paso 2: aplicar el procedimiento de Conversión grados-radianes. Paso 3: verificar el resultado final.', 'Este ejercicio refuerza el subtema Conversión grados-radianes dentro del módulo Trigonometría.', 4, 'PUBLICADO', NOW(), NOW());
INSERT INTO ejercicios (id, modulo_id, subtema_id, tutor_id, revisor_id, nivel_dificultad, tipo_ejercicio, enunciado, respuesta_correcta_texto, solucion_paso_a_paso, explicacion_conceptual, tiempo_estimado_minutos, estado, fecha_revision, fecha_publicacion) VALUES (68, 7, 27, 12, 14, 'INTERMEDIO', 'OPCION_MULTIPLE', 'Ejercicio 68 del módulo Trigonometría: resuelve un problema de Funciones trigonométricas en nivel intermedio.', 'Respuesta correcta 68', 'Paso 1: identificar los datos. Paso 2: aplicar el procedimiento de Funciones trigonométricas. Paso 3: verificar el resultado final.', 'Este ejercicio refuerza el subtema Funciones trigonométricas dentro del módulo Trigonometría.', 5, 'PUBLICADO', NOW(), NOW());
INSERT INTO ejercicios (id, modulo_id, subtema_id, tutor_id, revisor_id, nivel_dificultad, tipo_ejercicio, enunciado, respuesta_correcta_texto, solucion_paso_a_paso, explicacion_conceptual, tiempo_estimado_minutos, estado, fecha_revision, fecha_publicacion) VALUES (69, 7, 28, 9, 15, 'INTERMEDIO', 'OPCION_MULTIPLE', 'Ejercicio 69 del módulo Trigonometría: resuelve un problema de Resolución de triángulos en nivel intermedio.', 'Respuesta correcta 69', 'Paso 1: identificar los datos. Paso 2: aplicar el procedimiento de Resolución de triángulos. Paso 3: verificar el resultado final.', 'Este ejercicio refuerza el subtema Resolución de triángulos dentro del módulo Trigonometría.', 6, 'PUBLICADO', NOW(), NOW());
INSERT INTO ejercicios (id, modulo_id, subtema_id, tutor_id, revisor_id, nivel_dificultad, tipo_ejercicio, enunciado, respuesta_correcta_texto, solucion_paso_a_paso, explicacion_conceptual, tiempo_estimado_minutos, estado, fecha_revision, fecha_publicacion) VALUES (70, 7, 26, 10, 13, 'INTERMEDIO', 'OPCION_MULTIPLE', 'Ejercicio 70 del módulo Trigonometría: resuelve un problema de Conversión grados-radianes en nivel intermedio.', 'Respuesta correcta 70', 'Paso 1: identificar los datos. Paso 2: aplicar el procedimiento de Conversión grados-radianes. Paso 3: verificar el resultado final.', 'Este ejercicio refuerza el subtema Conversión grados-radianes dentro del módulo Trigonometría.', 4, 'PUBLICADO', NOW(), NOW());
INSERT INTO opciones_ejercicio (id, ejercicio_id, orden_opcion, texto_opcion, es_correcta) VALUES (1, 1, 1, 'Opción A del ejercicio 1', FALSE);
INSERT INTO opciones_ejercicio (id, ejercicio_id, orden_opcion, texto_opcion, es_correcta) VALUES (2, 1, 2, 'Respuesta correcta 1', TRUE);
INSERT INTO opciones_ejercicio (id, ejercicio_id, orden_opcion, texto_opcion, es_correcta) VALUES (3, 1, 3, 'Opción C del ejercicio 1', FALSE);
INSERT INTO opciones_ejercicio (id, ejercicio_id, orden_opcion, texto_opcion, es_correcta) VALUES (4, 1, 4, 'Opción D del ejercicio 1', FALSE);
INSERT INTO opciones_ejercicio (id, ejercicio_id, orden_opcion, texto_opcion, es_correcta) VALUES (5, 2, 1, 'Opción A del ejercicio 2', FALSE);
INSERT INTO opciones_ejercicio (id, ejercicio_id, orden_opcion, texto_opcion, es_correcta) VALUES (6, 2, 2, 'Respuesta correcta 2', TRUE);
INSERT INTO opciones_ejercicio (id, ejercicio_id, orden_opcion, texto_opcion, es_correcta) VALUES (7, 2, 3, 'Opción C del ejercicio 2', FALSE);
INSERT INTO opciones_ejercicio (id, ejercicio_id, orden_opcion, texto_opcion, es_correcta) VALUES (8, 2, 4, 'Opción D del ejercicio 2', FALSE);
INSERT INTO opciones_ejercicio (id, ejercicio_id, orden_opcion, texto_opcion, es_correcta) VALUES (9, 3, 1, 'Opción A del ejercicio 3', FALSE);
INSERT INTO opciones_ejercicio (id, ejercicio_id, orden_opcion, texto_opcion, es_correcta) VALUES (10, 3, 2, 'Respuesta correcta 3', TRUE);
INSERT INTO opciones_ejercicio (id, ejercicio_id, orden_opcion, texto_opcion, es_correcta) VALUES (11, 3, 3, 'Opción C del ejercicio 3', FALSE);
INSERT INTO opciones_ejercicio (id, ejercicio_id, orden_opcion, texto_opcion, es_correcta) VALUES (12, 3, 4, 'Opción D del ejercicio 3', FALSE);
INSERT INTO opciones_ejercicio (id, ejercicio_id, orden_opcion, texto_opcion, es_correcta) VALUES (13, 4, 1, 'Opción A del ejercicio 4', FALSE);
INSERT INTO opciones_ejercicio (id, ejercicio_id, orden_opcion, texto_opcion, es_correcta) VALUES (14, 4, 2, 'Respuesta correcta 4', TRUE);
INSERT INTO opciones_ejercicio (id, ejercicio_id, orden_opcion, texto_opcion, es_correcta) VALUES (15, 4, 3, 'Opción C del ejercicio 4', FALSE);
INSERT INTO opciones_ejercicio (id, ejercicio_id, orden_opcion, texto_opcion, es_correcta) VALUES (16, 4, 4, 'Opción D del ejercicio 4', FALSE);
INSERT INTO opciones_ejercicio (id, ejercicio_id, orden_opcion, texto_opcion, es_correcta) VALUES (17, 5, 1, 'Opción A del ejercicio 5', FALSE);
INSERT INTO opciones_ejercicio (id, ejercicio_id, orden_opcion, texto_opcion, es_correcta) VALUES (18, 5, 2, 'Respuesta correcta 5', TRUE);
INSERT INTO opciones_ejercicio (id, ejercicio_id, orden_opcion, texto_opcion, es_correcta) VALUES (19, 5, 3, 'Opción C del ejercicio 5', FALSE);
INSERT INTO opciones_ejercicio (id, ejercicio_id, orden_opcion, texto_opcion, es_correcta) VALUES (20, 5, 4, 'Opción D del ejercicio 5', FALSE);
INSERT INTO opciones_ejercicio (id, ejercicio_id, orden_opcion, texto_opcion, es_correcta) VALUES (21, 6, 1, 'Opción A del ejercicio 6', FALSE);
INSERT INTO opciones_ejercicio (id, ejercicio_id, orden_opcion, texto_opcion, es_correcta) VALUES (22, 6, 2, 'Respuesta correcta 6', TRUE);
INSERT INTO opciones_ejercicio (id, ejercicio_id, orden_opcion, texto_opcion, es_correcta) VALUES (23, 6, 3, 'Opción C del ejercicio 6', FALSE);
INSERT INTO opciones_ejercicio (id, ejercicio_id, orden_opcion, texto_opcion, es_correcta) VALUES (24, 6, 4, 'Opción D del ejercicio 6', FALSE);
INSERT INTO opciones_ejercicio (id, ejercicio_id, orden_opcion, texto_opcion, es_correcta) VALUES (25, 7, 1, 'Opción A del ejercicio 7', FALSE);
INSERT INTO opciones_ejercicio (id, ejercicio_id, orden_opcion, texto_opcion, es_correcta) VALUES (26, 7, 2, 'Respuesta correcta 7', TRUE);
INSERT INTO opciones_ejercicio (id, ejercicio_id, orden_opcion, texto_opcion, es_correcta) VALUES (27, 7, 3, 'Opción C del ejercicio 7', FALSE);
INSERT INTO opciones_ejercicio (id, ejercicio_id, orden_opcion, texto_opcion, es_correcta) VALUES (28, 7, 4, 'Opción D del ejercicio 7', FALSE);
INSERT INTO opciones_ejercicio (id, ejercicio_id, orden_opcion, texto_opcion, es_correcta) VALUES (29, 8, 1, 'Opción A del ejercicio 8', FALSE);
INSERT INTO opciones_ejercicio (id, ejercicio_id, orden_opcion, texto_opcion, es_correcta) VALUES (30, 8, 2, 'Respuesta correcta 8', TRUE);
INSERT INTO opciones_ejercicio (id, ejercicio_id, orden_opcion, texto_opcion, es_correcta) VALUES (31, 8, 3, 'Opción C del ejercicio 8', FALSE);
INSERT INTO opciones_ejercicio (id, ejercicio_id, orden_opcion, texto_opcion, es_correcta) VALUES (32, 8, 4, 'Opción D del ejercicio 8', FALSE);
INSERT INTO opciones_ejercicio (id, ejercicio_id, orden_opcion, texto_opcion, es_correcta) VALUES (33, 9, 1, 'Opción A del ejercicio 9', FALSE);
INSERT INTO opciones_ejercicio (id, ejercicio_id, orden_opcion, texto_opcion, es_correcta) VALUES (34, 9, 2, 'Respuesta correcta 9', TRUE);
INSERT INTO opciones_ejercicio (id, ejercicio_id, orden_opcion, texto_opcion, es_correcta) VALUES (35, 9, 3, 'Opción C del ejercicio 9', FALSE);
INSERT INTO opciones_ejercicio (id, ejercicio_id, orden_opcion, texto_opcion, es_correcta) VALUES (36, 9, 4, 'Opción D del ejercicio 9', FALSE);
INSERT INTO opciones_ejercicio (id, ejercicio_id, orden_opcion, texto_opcion, es_correcta) VALUES (37, 10, 1, 'Opción A del ejercicio 10', FALSE);
INSERT INTO opciones_ejercicio (id, ejercicio_id, orden_opcion, texto_opcion, es_correcta) VALUES (38, 10, 2, 'Respuesta correcta 10', TRUE);
INSERT INTO opciones_ejercicio (id, ejercicio_id, orden_opcion, texto_opcion, es_correcta) VALUES (39, 10, 3, 'Opción C del ejercicio 10', FALSE);
INSERT INTO opciones_ejercicio (id, ejercicio_id, orden_opcion, texto_opcion, es_correcta) VALUES (40, 10, 4, 'Opción D del ejercicio 10', FALSE);
INSERT INTO opciones_ejercicio (id, ejercicio_id, orden_opcion, texto_opcion, es_correcta) VALUES (41, 11, 1, 'Opción A del ejercicio 11', FALSE);
INSERT INTO opciones_ejercicio (id, ejercicio_id, orden_opcion, texto_opcion, es_correcta) VALUES (42, 11, 2, 'Respuesta correcta 11', TRUE);
INSERT INTO opciones_ejercicio (id, ejercicio_id, orden_opcion, texto_opcion, es_correcta) VALUES (43, 11, 3, 'Opción C del ejercicio 11', FALSE);
INSERT INTO opciones_ejercicio (id, ejercicio_id, orden_opcion, texto_opcion, es_correcta) VALUES (44, 11, 4, 'Opción D del ejercicio 11', FALSE);
INSERT INTO opciones_ejercicio (id, ejercicio_id, orden_opcion, texto_opcion, es_correcta) VALUES (45, 12, 1, 'Opción A del ejercicio 12', FALSE);
INSERT INTO opciones_ejercicio (id, ejercicio_id, orden_opcion, texto_opcion, es_correcta) VALUES (46, 12, 2, 'Respuesta correcta 12', TRUE);
INSERT INTO opciones_ejercicio (id, ejercicio_id, orden_opcion, texto_opcion, es_correcta) VALUES (47, 12, 3, 'Opción C del ejercicio 12', FALSE);
INSERT INTO opciones_ejercicio (id, ejercicio_id, orden_opcion, texto_opcion, es_correcta) VALUES (48, 12, 4, 'Opción D del ejercicio 12', FALSE);
INSERT INTO opciones_ejercicio (id, ejercicio_id, orden_opcion, texto_opcion, es_correcta) VALUES (49, 13, 1, 'Opción A del ejercicio 13', FALSE);
INSERT INTO opciones_ejercicio (id, ejercicio_id, orden_opcion, texto_opcion, es_correcta) VALUES (50, 13, 2, 'Respuesta correcta 13', TRUE);
INSERT INTO opciones_ejercicio (id, ejercicio_id, orden_opcion, texto_opcion, es_correcta) VALUES (51, 13, 3, 'Opción C del ejercicio 13', FALSE);
INSERT INTO opciones_ejercicio (id, ejercicio_id, orden_opcion, texto_opcion, es_correcta) VALUES (52, 13, 4, 'Opción D del ejercicio 13', FALSE);
INSERT INTO opciones_ejercicio (id, ejercicio_id, orden_opcion, texto_opcion, es_correcta) VALUES (53, 14, 1, 'Opción A del ejercicio 14', FALSE);
INSERT INTO opciones_ejercicio (id, ejercicio_id, orden_opcion, texto_opcion, es_correcta) VALUES (54, 14, 2, 'Respuesta correcta 14', TRUE);
INSERT INTO opciones_ejercicio (id, ejercicio_id, orden_opcion, texto_opcion, es_correcta) VALUES (55, 14, 3, 'Opción C del ejercicio 14', FALSE);
INSERT INTO opciones_ejercicio (id, ejercicio_id, orden_opcion, texto_opcion, es_correcta) VALUES (56, 14, 4, 'Opción D del ejercicio 14', FALSE);
INSERT INTO opciones_ejercicio (id, ejercicio_id, orden_opcion, texto_opcion, es_correcta) VALUES (57, 15, 1, 'Opción A del ejercicio 15', FALSE);
INSERT INTO opciones_ejercicio (id, ejercicio_id, orden_opcion, texto_opcion, es_correcta) VALUES (58, 15, 2, 'Respuesta correcta 15', TRUE);
INSERT INTO opciones_ejercicio (id, ejercicio_id, orden_opcion, texto_opcion, es_correcta) VALUES (59, 15, 3, 'Opción C del ejercicio 15', FALSE);
INSERT INTO opciones_ejercicio (id, ejercicio_id, orden_opcion, texto_opcion, es_correcta) VALUES (60, 15, 4, 'Opción D del ejercicio 15', FALSE);
INSERT INTO opciones_ejercicio (id, ejercicio_id, orden_opcion, texto_opcion, es_correcta) VALUES (61, 16, 1, 'Opción A del ejercicio 16', FALSE);
INSERT INTO opciones_ejercicio (id, ejercicio_id, orden_opcion, texto_opcion, es_correcta) VALUES (62, 16, 2, 'Respuesta correcta 16', TRUE);
INSERT INTO opciones_ejercicio (id, ejercicio_id, orden_opcion, texto_opcion, es_correcta) VALUES (63, 16, 3, 'Opción C del ejercicio 16', FALSE);
INSERT INTO opciones_ejercicio (id, ejercicio_id, orden_opcion, texto_opcion, es_correcta) VALUES (64, 16, 4, 'Opción D del ejercicio 16', FALSE);
INSERT INTO opciones_ejercicio (id, ejercicio_id, orden_opcion, texto_opcion, es_correcta) VALUES (65, 17, 1, 'Opción A del ejercicio 17', FALSE);
INSERT INTO opciones_ejercicio (id, ejercicio_id, orden_opcion, texto_opcion, es_correcta) VALUES (66, 17, 2, 'Respuesta correcta 17', TRUE);
INSERT INTO opciones_ejercicio (id, ejercicio_id, orden_opcion, texto_opcion, es_correcta) VALUES (67, 17, 3, 'Opción C del ejercicio 17', FALSE);
INSERT INTO opciones_ejercicio (id, ejercicio_id, orden_opcion, texto_opcion, es_correcta) VALUES (68, 17, 4, 'Opción D del ejercicio 17', FALSE);
INSERT INTO opciones_ejercicio (id, ejercicio_id, orden_opcion, texto_opcion, es_correcta) VALUES (69, 18, 1, 'Opción A del ejercicio 18', FALSE);
INSERT INTO opciones_ejercicio (id, ejercicio_id, orden_opcion, texto_opcion, es_correcta) VALUES (70, 18, 2, 'Respuesta correcta 18', TRUE);
INSERT INTO opciones_ejercicio (id, ejercicio_id, orden_opcion, texto_opcion, es_correcta) VALUES (71, 18, 3, 'Opción C del ejercicio 18', FALSE);
INSERT INTO opciones_ejercicio (id, ejercicio_id, orden_opcion, texto_opcion, es_correcta) VALUES (72, 18, 4, 'Opción D del ejercicio 18', FALSE);
INSERT INTO opciones_ejercicio (id, ejercicio_id, orden_opcion, texto_opcion, es_correcta) VALUES (73, 19, 1, 'Opción A del ejercicio 19', FALSE);
INSERT INTO opciones_ejercicio (id, ejercicio_id, orden_opcion, texto_opcion, es_correcta) VALUES (74, 19, 2, 'Respuesta correcta 19', TRUE);
INSERT INTO opciones_ejercicio (id, ejercicio_id, orden_opcion, texto_opcion, es_correcta) VALUES (75, 19, 3, 'Opción C del ejercicio 19', FALSE);
INSERT INTO opciones_ejercicio (id, ejercicio_id, orden_opcion, texto_opcion, es_correcta) VALUES (76, 19, 4, 'Opción D del ejercicio 19', FALSE);
INSERT INTO opciones_ejercicio (id, ejercicio_id, orden_opcion, texto_opcion, es_correcta) VALUES (77, 20, 1, 'Opción A del ejercicio 20', FALSE);
INSERT INTO opciones_ejercicio (id, ejercicio_id, orden_opcion, texto_opcion, es_correcta) VALUES (78, 20, 2, 'Respuesta correcta 20', TRUE);
INSERT INTO opciones_ejercicio (id, ejercicio_id, orden_opcion, texto_opcion, es_correcta) VALUES (79, 20, 3, 'Opción C del ejercicio 20', FALSE);
INSERT INTO opciones_ejercicio (id, ejercicio_id, orden_opcion, texto_opcion, es_correcta) VALUES (80, 20, 4, 'Opción D del ejercicio 20', FALSE);
INSERT INTO opciones_ejercicio (id, ejercicio_id, orden_opcion, texto_opcion, es_correcta) VALUES (81, 21, 1, 'Opción A del ejercicio 21', FALSE);
INSERT INTO opciones_ejercicio (id, ejercicio_id, orden_opcion, texto_opcion, es_correcta) VALUES (82, 21, 2, 'Respuesta correcta 21', TRUE);
INSERT INTO opciones_ejercicio (id, ejercicio_id, orden_opcion, texto_opcion, es_correcta) VALUES (83, 21, 3, 'Opción C del ejercicio 21', FALSE);
INSERT INTO opciones_ejercicio (id, ejercicio_id, orden_opcion, texto_opcion, es_correcta) VALUES (84, 21, 4, 'Opción D del ejercicio 21', FALSE);
INSERT INTO opciones_ejercicio (id, ejercicio_id, orden_opcion, texto_opcion, es_correcta) VALUES (85, 22, 1, 'Opción A del ejercicio 22', FALSE);
INSERT INTO opciones_ejercicio (id, ejercicio_id, orden_opcion, texto_opcion, es_correcta) VALUES (86, 22, 2, 'Respuesta correcta 22', TRUE);
INSERT INTO opciones_ejercicio (id, ejercicio_id, orden_opcion, texto_opcion, es_correcta) VALUES (87, 22, 3, 'Opción C del ejercicio 22', FALSE);
INSERT INTO opciones_ejercicio (id, ejercicio_id, orden_opcion, texto_opcion, es_correcta) VALUES (88, 22, 4, 'Opción D del ejercicio 22', FALSE);
INSERT INTO opciones_ejercicio (id, ejercicio_id, orden_opcion, texto_opcion, es_correcta) VALUES (89, 23, 1, 'Opción A del ejercicio 23', FALSE);
INSERT INTO opciones_ejercicio (id, ejercicio_id, orden_opcion, texto_opcion, es_correcta) VALUES (90, 23, 2, 'Respuesta correcta 23', TRUE);
INSERT INTO opciones_ejercicio (id, ejercicio_id, orden_opcion, texto_opcion, es_correcta) VALUES (91, 23, 3, 'Opción C del ejercicio 23', FALSE);
INSERT INTO opciones_ejercicio (id, ejercicio_id, orden_opcion, texto_opcion, es_correcta) VALUES (92, 23, 4, 'Opción D del ejercicio 23', FALSE);
INSERT INTO opciones_ejercicio (id, ejercicio_id, orden_opcion, texto_opcion, es_correcta) VALUES (93, 24, 1, 'Opción A del ejercicio 24', FALSE);
INSERT INTO opciones_ejercicio (id, ejercicio_id, orden_opcion, texto_opcion, es_correcta) VALUES (94, 24, 2, 'Respuesta correcta 24', TRUE);
INSERT INTO opciones_ejercicio (id, ejercicio_id, orden_opcion, texto_opcion, es_correcta) VALUES (95, 24, 3, 'Opción C del ejercicio 24', FALSE);
INSERT INTO opciones_ejercicio (id, ejercicio_id, orden_opcion, texto_opcion, es_correcta) VALUES (96, 24, 4, 'Opción D del ejercicio 24', FALSE);
INSERT INTO opciones_ejercicio (id, ejercicio_id, orden_opcion, texto_opcion, es_correcta) VALUES (97, 25, 1, 'Opción A del ejercicio 25', FALSE);
INSERT INTO opciones_ejercicio (id, ejercicio_id, orden_opcion, texto_opcion, es_correcta) VALUES (98, 25, 2, 'Respuesta correcta 25', TRUE);
INSERT INTO opciones_ejercicio (id, ejercicio_id, orden_opcion, texto_opcion, es_correcta) VALUES (99, 25, 3, 'Opción C del ejercicio 25', FALSE);
INSERT INTO opciones_ejercicio (id, ejercicio_id, orden_opcion, texto_opcion, es_correcta) VALUES (100, 25, 4, 'Opción D del ejercicio 25', FALSE);
INSERT INTO opciones_ejercicio (id, ejercicio_id, orden_opcion, texto_opcion, es_correcta) VALUES (101, 26, 1, 'Opción A del ejercicio 26', FALSE);
INSERT INTO opciones_ejercicio (id, ejercicio_id, orden_opcion, texto_opcion, es_correcta) VALUES (102, 26, 2, 'Respuesta correcta 26', TRUE);
INSERT INTO opciones_ejercicio (id, ejercicio_id, orden_opcion, texto_opcion, es_correcta) VALUES (103, 26, 3, 'Opción C del ejercicio 26', FALSE);
INSERT INTO opciones_ejercicio (id, ejercicio_id, orden_opcion, texto_opcion, es_correcta) VALUES (104, 26, 4, 'Opción D del ejercicio 26', FALSE);
INSERT INTO opciones_ejercicio (id, ejercicio_id, orden_opcion, texto_opcion, es_correcta) VALUES (105, 27, 1, 'Opción A del ejercicio 27', FALSE);
INSERT INTO opciones_ejercicio (id, ejercicio_id, orden_opcion, texto_opcion, es_correcta) VALUES (106, 27, 2, 'Respuesta correcta 27', TRUE);
INSERT INTO opciones_ejercicio (id, ejercicio_id, orden_opcion, texto_opcion, es_correcta) VALUES (107, 27, 3, 'Opción C del ejercicio 27', FALSE);
INSERT INTO opciones_ejercicio (id, ejercicio_id, orden_opcion, texto_opcion, es_correcta) VALUES (108, 27, 4, 'Opción D del ejercicio 27', FALSE);
INSERT INTO opciones_ejercicio (id, ejercicio_id, orden_opcion, texto_opcion, es_correcta) VALUES (109, 28, 1, 'Opción A del ejercicio 28', FALSE);
INSERT INTO opciones_ejercicio (id, ejercicio_id, orden_opcion, texto_opcion, es_correcta) VALUES (110, 28, 2, 'Respuesta correcta 28', TRUE);
INSERT INTO opciones_ejercicio (id, ejercicio_id, orden_opcion, texto_opcion, es_correcta) VALUES (111, 28, 3, 'Opción C del ejercicio 28', FALSE);
INSERT INTO opciones_ejercicio (id, ejercicio_id, orden_opcion, texto_opcion, es_correcta) VALUES (112, 28, 4, 'Opción D del ejercicio 28', FALSE);
INSERT INTO opciones_ejercicio (id, ejercicio_id, orden_opcion, texto_opcion, es_correcta) VALUES (113, 29, 1, 'Opción A del ejercicio 29', FALSE);
INSERT INTO opciones_ejercicio (id, ejercicio_id, orden_opcion, texto_opcion, es_correcta) VALUES (114, 29, 2, 'Respuesta correcta 29', TRUE);
INSERT INTO opciones_ejercicio (id, ejercicio_id, orden_opcion, texto_opcion, es_correcta) VALUES (115, 29, 3, 'Opción C del ejercicio 29', FALSE);
INSERT INTO opciones_ejercicio (id, ejercicio_id, orden_opcion, texto_opcion, es_correcta) VALUES (116, 29, 4, 'Opción D del ejercicio 29', FALSE);
INSERT INTO opciones_ejercicio (id, ejercicio_id, orden_opcion, texto_opcion, es_correcta) VALUES (117, 30, 1, 'Opción A del ejercicio 30', FALSE);
INSERT INTO opciones_ejercicio (id, ejercicio_id, orden_opcion, texto_opcion, es_correcta) VALUES (118, 30, 2, 'Respuesta correcta 30', TRUE);
INSERT INTO opciones_ejercicio (id, ejercicio_id, orden_opcion, texto_opcion, es_correcta) VALUES (119, 30, 3, 'Opción C del ejercicio 30', FALSE);
INSERT INTO opciones_ejercicio (id, ejercicio_id, orden_opcion, texto_opcion, es_correcta) VALUES (120, 30, 4, 'Opción D del ejercicio 30', FALSE);
INSERT INTO opciones_ejercicio (id, ejercicio_id, orden_opcion, texto_opcion, es_correcta) VALUES (121, 31, 1, 'Opción A del ejercicio 31', FALSE);
INSERT INTO opciones_ejercicio (id, ejercicio_id, orden_opcion, texto_opcion, es_correcta) VALUES (122, 31, 2, 'Respuesta correcta 31', TRUE);
INSERT INTO opciones_ejercicio (id, ejercicio_id, orden_opcion, texto_opcion, es_correcta) VALUES (123, 31, 3, 'Opción C del ejercicio 31', FALSE);
INSERT INTO opciones_ejercicio (id, ejercicio_id, orden_opcion, texto_opcion, es_correcta) VALUES (124, 31, 4, 'Opción D del ejercicio 31', FALSE);
INSERT INTO opciones_ejercicio (id, ejercicio_id, orden_opcion, texto_opcion, es_correcta) VALUES (125, 32, 1, 'Opción A del ejercicio 32', FALSE);
INSERT INTO opciones_ejercicio (id, ejercicio_id, orden_opcion, texto_opcion, es_correcta) VALUES (126, 32, 2, 'Respuesta correcta 32', TRUE);
INSERT INTO opciones_ejercicio (id, ejercicio_id, orden_opcion, texto_opcion, es_correcta) VALUES (127, 32, 3, 'Opción C del ejercicio 32', FALSE);
INSERT INTO opciones_ejercicio (id, ejercicio_id, orden_opcion, texto_opcion, es_correcta) VALUES (128, 32, 4, 'Opción D del ejercicio 32', FALSE);
INSERT INTO opciones_ejercicio (id, ejercicio_id, orden_opcion, texto_opcion, es_correcta) VALUES (129, 33, 1, 'Opción A del ejercicio 33', FALSE);
INSERT INTO opciones_ejercicio (id, ejercicio_id, orden_opcion, texto_opcion, es_correcta) VALUES (130, 33, 2, 'Respuesta correcta 33', TRUE);
INSERT INTO opciones_ejercicio (id, ejercicio_id, orden_opcion, texto_opcion, es_correcta) VALUES (131, 33, 3, 'Opción C del ejercicio 33', FALSE);
INSERT INTO opciones_ejercicio (id, ejercicio_id, orden_opcion, texto_opcion, es_correcta) VALUES (132, 33, 4, 'Opción D del ejercicio 33', FALSE);
INSERT INTO opciones_ejercicio (id, ejercicio_id, orden_opcion, texto_opcion, es_correcta) VALUES (133, 34, 1, 'Opción A del ejercicio 34', FALSE);
INSERT INTO opciones_ejercicio (id, ejercicio_id, orden_opcion, texto_opcion, es_correcta) VALUES (134, 34, 2, 'Respuesta correcta 34', TRUE);
INSERT INTO opciones_ejercicio (id, ejercicio_id, orden_opcion, texto_opcion, es_correcta) VALUES (135, 34, 3, 'Opción C del ejercicio 34', FALSE);
INSERT INTO opciones_ejercicio (id, ejercicio_id, orden_opcion, texto_opcion, es_correcta) VALUES (136, 34, 4, 'Opción D del ejercicio 34', FALSE);
INSERT INTO opciones_ejercicio (id, ejercicio_id, orden_opcion, texto_opcion, es_correcta) VALUES (137, 35, 1, 'Opción A del ejercicio 35', FALSE);
INSERT INTO opciones_ejercicio (id, ejercicio_id, orden_opcion, texto_opcion, es_correcta) VALUES (138, 35, 2, 'Respuesta correcta 35', TRUE);
INSERT INTO opciones_ejercicio (id, ejercicio_id, orden_opcion, texto_opcion, es_correcta) VALUES (139, 35, 3, 'Opción C del ejercicio 35', FALSE);
INSERT INTO opciones_ejercicio (id, ejercicio_id, orden_opcion, texto_opcion, es_correcta) VALUES (140, 35, 4, 'Opción D del ejercicio 35', FALSE);
INSERT INTO opciones_ejercicio (id, ejercicio_id, orden_opcion, texto_opcion, es_correcta) VALUES (141, 36, 1, 'Opción A del ejercicio 36', FALSE);
INSERT INTO opciones_ejercicio (id, ejercicio_id, orden_opcion, texto_opcion, es_correcta) VALUES (142, 36, 2, 'Respuesta correcta 36', TRUE);
INSERT INTO opciones_ejercicio (id, ejercicio_id, orden_opcion, texto_opcion, es_correcta) VALUES (143, 36, 3, 'Opción C del ejercicio 36', FALSE);
INSERT INTO opciones_ejercicio (id, ejercicio_id, orden_opcion, texto_opcion, es_correcta) VALUES (144, 36, 4, 'Opción D del ejercicio 36', FALSE);
INSERT INTO opciones_ejercicio (id, ejercicio_id, orden_opcion, texto_opcion, es_correcta) VALUES (145, 37, 1, 'Opción A del ejercicio 37', FALSE);
INSERT INTO opciones_ejercicio (id, ejercicio_id, orden_opcion, texto_opcion, es_correcta) VALUES (146, 37, 2, 'Respuesta correcta 37', TRUE);
INSERT INTO opciones_ejercicio (id, ejercicio_id, orden_opcion, texto_opcion, es_correcta) VALUES (147, 37, 3, 'Opción C del ejercicio 37', FALSE);
INSERT INTO opciones_ejercicio (id, ejercicio_id, orden_opcion, texto_opcion, es_correcta) VALUES (148, 37, 4, 'Opción D del ejercicio 37', FALSE);
INSERT INTO opciones_ejercicio (id, ejercicio_id, orden_opcion, texto_opcion, es_correcta) VALUES (149, 38, 1, 'Opción A del ejercicio 38', FALSE);
INSERT INTO opciones_ejercicio (id, ejercicio_id, orden_opcion, texto_opcion, es_correcta) VALUES (150, 38, 2, 'Respuesta correcta 38', TRUE);
INSERT INTO opciones_ejercicio (id, ejercicio_id, orden_opcion, texto_opcion, es_correcta) VALUES (151, 38, 3, 'Opción C del ejercicio 38', FALSE);
INSERT INTO opciones_ejercicio (id, ejercicio_id, orden_opcion, texto_opcion, es_correcta) VALUES (152, 38, 4, 'Opción D del ejercicio 38', FALSE);
INSERT INTO opciones_ejercicio (id, ejercicio_id, orden_opcion, texto_opcion, es_correcta) VALUES (153, 39, 1, 'Opción A del ejercicio 39', FALSE);
INSERT INTO opciones_ejercicio (id, ejercicio_id, orden_opcion, texto_opcion, es_correcta) VALUES (154, 39, 2, 'Respuesta correcta 39', TRUE);
INSERT INTO opciones_ejercicio (id, ejercicio_id, orden_opcion, texto_opcion, es_correcta) VALUES (155, 39, 3, 'Opción C del ejercicio 39', FALSE);
INSERT INTO opciones_ejercicio (id, ejercicio_id, orden_opcion, texto_opcion, es_correcta) VALUES (156, 39, 4, 'Opción D del ejercicio 39', FALSE);
INSERT INTO opciones_ejercicio (id, ejercicio_id, orden_opcion, texto_opcion, es_correcta) VALUES (157, 40, 1, 'Opción A del ejercicio 40', FALSE);
INSERT INTO opciones_ejercicio (id, ejercicio_id, orden_opcion, texto_opcion, es_correcta) VALUES (158, 40, 2, 'Respuesta correcta 40', TRUE);
INSERT INTO opciones_ejercicio (id, ejercicio_id, orden_opcion, texto_opcion, es_correcta) VALUES (159, 40, 3, 'Opción C del ejercicio 40', FALSE);
INSERT INTO opciones_ejercicio (id, ejercicio_id, orden_opcion, texto_opcion, es_correcta) VALUES (160, 40, 4, 'Opción D del ejercicio 40', FALSE);
INSERT INTO opciones_ejercicio (id, ejercicio_id, orden_opcion, texto_opcion, es_correcta) VALUES (161, 41, 1, 'Opción A del ejercicio 41', FALSE);
INSERT INTO opciones_ejercicio (id, ejercicio_id, orden_opcion, texto_opcion, es_correcta) VALUES (162, 41, 2, 'Respuesta correcta 41', TRUE);
INSERT INTO opciones_ejercicio (id, ejercicio_id, orden_opcion, texto_opcion, es_correcta) VALUES (163, 41, 3, 'Opción C del ejercicio 41', FALSE);
INSERT INTO opciones_ejercicio (id, ejercicio_id, orden_opcion, texto_opcion, es_correcta) VALUES (164, 41, 4, 'Opción D del ejercicio 41', FALSE);
INSERT INTO opciones_ejercicio (id, ejercicio_id, orden_opcion, texto_opcion, es_correcta) VALUES (165, 42, 1, 'Opción A del ejercicio 42', FALSE);
INSERT INTO opciones_ejercicio (id, ejercicio_id, orden_opcion, texto_opcion, es_correcta) VALUES (166, 42, 2, 'Respuesta correcta 42', TRUE);
INSERT INTO opciones_ejercicio (id, ejercicio_id, orden_opcion, texto_opcion, es_correcta) VALUES (167, 42, 3, 'Opción C del ejercicio 42', FALSE);
INSERT INTO opciones_ejercicio (id, ejercicio_id, orden_opcion, texto_opcion, es_correcta) VALUES (168, 42, 4, 'Opción D del ejercicio 42', FALSE);
INSERT INTO opciones_ejercicio (id, ejercicio_id, orden_opcion, texto_opcion, es_correcta) VALUES (169, 43, 1, 'Opción A del ejercicio 43', FALSE);
INSERT INTO opciones_ejercicio (id, ejercicio_id, orden_opcion, texto_opcion, es_correcta) VALUES (170, 43, 2, 'Respuesta correcta 43', TRUE);
INSERT INTO opciones_ejercicio (id, ejercicio_id, orden_opcion, texto_opcion, es_correcta) VALUES (171, 43, 3, 'Opción C del ejercicio 43', FALSE);
INSERT INTO opciones_ejercicio (id, ejercicio_id, orden_opcion, texto_opcion, es_correcta) VALUES (172, 43, 4, 'Opción D del ejercicio 43', FALSE);
INSERT INTO opciones_ejercicio (id, ejercicio_id, orden_opcion, texto_opcion, es_correcta) VALUES (173, 44, 1, 'Opción A del ejercicio 44', FALSE);
INSERT INTO opciones_ejercicio (id, ejercicio_id, orden_opcion, texto_opcion, es_correcta) VALUES (174, 44, 2, 'Respuesta correcta 44', TRUE);
INSERT INTO opciones_ejercicio (id, ejercicio_id, orden_opcion, texto_opcion, es_correcta) VALUES (175, 44, 3, 'Opción C del ejercicio 44', FALSE);
INSERT INTO opciones_ejercicio (id, ejercicio_id, orden_opcion, texto_opcion, es_correcta) VALUES (176, 44, 4, 'Opción D del ejercicio 44', FALSE);
INSERT INTO opciones_ejercicio (id, ejercicio_id, orden_opcion, texto_opcion, es_correcta) VALUES (177, 45, 1, 'Opción A del ejercicio 45', FALSE);
INSERT INTO opciones_ejercicio (id, ejercicio_id, orden_opcion, texto_opcion, es_correcta) VALUES (178, 45, 2, 'Respuesta correcta 45', TRUE);
INSERT INTO opciones_ejercicio (id, ejercicio_id, orden_opcion, texto_opcion, es_correcta) VALUES (179, 45, 3, 'Opción C del ejercicio 45', FALSE);
INSERT INTO opciones_ejercicio (id, ejercicio_id, orden_opcion, texto_opcion, es_correcta) VALUES (180, 45, 4, 'Opción D del ejercicio 45', FALSE);
INSERT INTO opciones_ejercicio (id, ejercicio_id, orden_opcion, texto_opcion, es_correcta) VALUES (181, 46, 1, 'Opción A del ejercicio 46', FALSE);
INSERT INTO opciones_ejercicio (id, ejercicio_id, orden_opcion, texto_opcion, es_correcta) VALUES (182, 46, 2, 'Respuesta correcta 46', TRUE);
INSERT INTO opciones_ejercicio (id, ejercicio_id, orden_opcion, texto_opcion, es_correcta) VALUES (183, 46, 3, 'Opción C del ejercicio 46', FALSE);
INSERT INTO opciones_ejercicio (id, ejercicio_id, orden_opcion, texto_opcion, es_correcta) VALUES (184, 46, 4, 'Opción D del ejercicio 46', FALSE);
INSERT INTO opciones_ejercicio (id, ejercicio_id, orden_opcion, texto_opcion, es_correcta) VALUES (185, 47, 1, 'Opción A del ejercicio 47', FALSE);
INSERT INTO opciones_ejercicio (id, ejercicio_id, orden_opcion, texto_opcion, es_correcta) VALUES (186, 47, 2, 'Respuesta correcta 47', TRUE);
INSERT INTO opciones_ejercicio (id, ejercicio_id, orden_opcion, texto_opcion, es_correcta) VALUES (187, 47, 3, 'Opción C del ejercicio 47', FALSE);
INSERT INTO opciones_ejercicio (id, ejercicio_id, orden_opcion, texto_opcion, es_correcta) VALUES (188, 47, 4, 'Opción D del ejercicio 47', FALSE);
INSERT INTO opciones_ejercicio (id, ejercicio_id, orden_opcion, texto_opcion, es_correcta) VALUES (189, 48, 1, 'Opción A del ejercicio 48', FALSE);
INSERT INTO opciones_ejercicio (id, ejercicio_id, orden_opcion, texto_opcion, es_correcta) VALUES (190, 48, 2, 'Respuesta correcta 48', TRUE);
INSERT INTO opciones_ejercicio (id, ejercicio_id, orden_opcion, texto_opcion, es_correcta) VALUES (191, 48, 3, 'Opción C del ejercicio 48', FALSE);
INSERT INTO opciones_ejercicio (id, ejercicio_id, orden_opcion, texto_opcion, es_correcta) VALUES (192, 48, 4, 'Opción D del ejercicio 48', FALSE);
INSERT INTO opciones_ejercicio (id, ejercicio_id, orden_opcion, texto_opcion, es_correcta) VALUES (193, 49, 1, 'Opción A del ejercicio 49', FALSE);
INSERT INTO opciones_ejercicio (id, ejercicio_id, orden_opcion, texto_opcion, es_correcta) VALUES (194, 49, 2, 'Respuesta correcta 49', TRUE);
INSERT INTO opciones_ejercicio (id, ejercicio_id, orden_opcion, texto_opcion, es_correcta) VALUES (195, 49, 3, 'Opción C del ejercicio 49', FALSE);
INSERT INTO opciones_ejercicio (id, ejercicio_id, orden_opcion, texto_opcion, es_correcta) VALUES (196, 49, 4, 'Opción D del ejercicio 49', FALSE);
INSERT INTO opciones_ejercicio (id, ejercicio_id, orden_opcion, texto_opcion, es_correcta) VALUES (197, 50, 1, 'Opción A del ejercicio 50', FALSE);
INSERT INTO opciones_ejercicio (id, ejercicio_id, orden_opcion, texto_opcion, es_correcta) VALUES (198, 50, 2, 'Respuesta correcta 50', TRUE);
INSERT INTO opciones_ejercicio (id, ejercicio_id, orden_opcion, texto_opcion, es_correcta) VALUES (199, 50, 3, 'Opción C del ejercicio 50', FALSE);
INSERT INTO opciones_ejercicio (id, ejercicio_id, orden_opcion, texto_opcion, es_correcta) VALUES (200, 50, 4, 'Opción D del ejercicio 50', FALSE);
INSERT INTO opciones_ejercicio (id, ejercicio_id, orden_opcion, texto_opcion, es_correcta) VALUES (201, 51, 1, 'Opción A del ejercicio 51', FALSE);
INSERT INTO opciones_ejercicio (id, ejercicio_id, orden_opcion, texto_opcion, es_correcta) VALUES (202, 51, 2, 'Respuesta correcta 51', TRUE);
INSERT INTO opciones_ejercicio (id, ejercicio_id, orden_opcion, texto_opcion, es_correcta) VALUES (203, 51, 3, 'Opción C del ejercicio 51', FALSE);
INSERT INTO opciones_ejercicio (id, ejercicio_id, orden_opcion, texto_opcion, es_correcta) VALUES (204, 51, 4, 'Opción D del ejercicio 51', FALSE);
INSERT INTO opciones_ejercicio (id, ejercicio_id, orden_opcion, texto_opcion, es_correcta) VALUES (205, 52, 1, 'Opción A del ejercicio 52', FALSE);
INSERT INTO opciones_ejercicio (id, ejercicio_id, orden_opcion, texto_opcion, es_correcta) VALUES (206, 52, 2, 'Respuesta correcta 52', TRUE);
INSERT INTO opciones_ejercicio (id, ejercicio_id, orden_opcion, texto_opcion, es_correcta) VALUES (207, 52, 3, 'Opción C del ejercicio 52', FALSE);
INSERT INTO opciones_ejercicio (id, ejercicio_id, orden_opcion, texto_opcion, es_correcta) VALUES (208, 52, 4, 'Opción D del ejercicio 52', FALSE);
INSERT INTO opciones_ejercicio (id, ejercicio_id, orden_opcion, texto_opcion, es_correcta) VALUES (209, 53, 1, 'Opción A del ejercicio 53', FALSE);
INSERT INTO opciones_ejercicio (id, ejercicio_id, orden_opcion, texto_opcion, es_correcta) VALUES (210, 53, 2, 'Respuesta correcta 53', TRUE);
INSERT INTO opciones_ejercicio (id, ejercicio_id, orden_opcion, texto_opcion, es_correcta) VALUES (211, 53, 3, 'Opción C del ejercicio 53', FALSE);
INSERT INTO opciones_ejercicio (id, ejercicio_id, orden_opcion, texto_opcion, es_correcta) VALUES (212, 53, 4, 'Opción D del ejercicio 53', FALSE);
INSERT INTO opciones_ejercicio (id, ejercicio_id, orden_opcion, texto_opcion, es_correcta) VALUES (213, 54, 1, 'Opción A del ejercicio 54', FALSE);
INSERT INTO opciones_ejercicio (id, ejercicio_id, orden_opcion, texto_opcion, es_correcta) VALUES (214, 54, 2, 'Respuesta correcta 54', TRUE);
INSERT INTO opciones_ejercicio (id, ejercicio_id, orden_opcion, texto_opcion, es_correcta) VALUES (215, 54, 3, 'Opción C del ejercicio 54', FALSE);
INSERT INTO opciones_ejercicio (id, ejercicio_id, orden_opcion, texto_opcion, es_correcta) VALUES (216, 54, 4, 'Opción D del ejercicio 54', FALSE);
INSERT INTO opciones_ejercicio (id, ejercicio_id, orden_opcion, texto_opcion, es_correcta) VALUES (217, 55, 1, 'Opción A del ejercicio 55', FALSE);
INSERT INTO opciones_ejercicio (id, ejercicio_id, orden_opcion, texto_opcion, es_correcta) VALUES (218, 55, 2, 'Respuesta correcta 55', TRUE);
INSERT INTO opciones_ejercicio (id, ejercicio_id, orden_opcion, texto_opcion, es_correcta) VALUES (219, 55, 3, 'Opción C del ejercicio 55', FALSE);
INSERT INTO opciones_ejercicio (id, ejercicio_id, orden_opcion, texto_opcion, es_correcta) VALUES (220, 55, 4, 'Opción D del ejercicio 55', FALSE);
INSERT INTO opciones_ejercicio (id, ejercicio_id, orden_opcion, texto_opcion, es_correcta) VALUES (221, 56, 1, 'Opción A del ejercicio 56', FALSE);
INSERT INTO opciones_ejercicio (id, ejercicio_id, orden_opcion, texto_opcion, es_correcta) VALUES (222, 56, 2, 'Respuesta correcta 56', TRUE);
INSERT INTO opciones_ejercicio (id, ejercicio_id, orden_opcion, texto_opcion, es_correcta) VALUES (223, 56, 3, 'Opción C del ejercicio 56', FALSE);
INSERT INTO opciones_ejercicio (id, ejercicio_id, orden_opcion, texto_opcion, es_correcta) VALUES (224, 56, 4, 'Opción D del ejercicio 56', FALSE);
INSERT INTO opciones_ejercicio (id, ejercicio_id, orden_opcion, texto_opcion, es_correcta) VALUES (225, 57, 1, 'Opción A del ejercicio 57', FALSE);
INSERT INTO opciones_ejercicio (id, ejercicio_id, orden_opcion, texto_opcion, es_correcta) VALUES (226, 57, 2, 'Respuesta correcta 57', TRUE);
INSERT INTO opciones_ejercicio (id, ejercicio_id, orden_opcion, texto_opcion, es_correcta) VALUES (227, 57, 3, 'Opción C del ejercicio 57', FALSE);
INSERT INTO opciones_ejercicio (id, ejercicio_id, orden_opcion, texto_opcion, es_correcta) VALUES (228, 57, 4, 'Opción D del ejercicio 57', FALSE);
INSERT INTO opciones_ejercicio (id, ejercicio_id, orden_opcion, texto_opcion, es_correcta) VALUES (229, 58, 1, 'Opción A del ejercicio 58', FALSE);
INSERT INTO opciones_ejercicio (id, ejercicio_id, orden_opcion, texto_opcion, es_correcta) VALUES (230, 58, 2, 'Respuesta correcta 58', TRUE);
INSERT INTO opciones_ejercicio (id, ejercicio_id, orden_opcion, texto_opcion, es_correcta) VALUES (231, 58, 3, 'Opción C del ejercicio 58', FALSE);
INSERT INTO opciones_ejercicio (id, ejercicio_id, orden_opcion, texto_opcion, es_correcta) VALUES (232, 58, 4, 'Opción D del ejercicio 58', FALSE);
INSERT INTO opciones_ejercicio (id, ejercicio_id, orden_opcion, texto_opcion, es_correcta) VALUES (233, 59, 1, 'Opción A del ejercicio 59', FALSE);
INSERT INTO opciones_ejercicio (id, ejercicio_id, orden_opcion, texto_opcion, es_correcta) VALUES (234, 59, 2, 'Respuesta correcta 59', TRUE);
INSERT INTO opciones_ejercicio (id, ejercicio_id, orden_opcion, texto_opcion, es_correcta) VALUES (235, 59, 3, 'Opción C del ejercicio 59', FALSE);
INSERT INTO opciones_ejercicio (id, ejercicio_id, orden_opcion, texto_opcion, es_correcta) VALUES (236, 59, 4, 'Opción D del ejercicio 59', FALSE);
INSERT INTO opciones_ejercicio (id, ejercicio_id, orden_opcion, texto_opcion, es_correcta) VALUES (237, 60, 1, 'Opción A del ejercicio 60', FALSE);
INSERT INTO opciones_ejercicio (id, ejercicio_id, orden_opcion, texto_opcion, es_correcta) VALUES (238, 60, 2, 'Respuesta correcta 60', TRUE);
INSERT INTO opciones_ejercicio (id, ejercicio_id, orden_opcion, texto_opcion, es_correcta) VALUES (239, 60, 3, 'Opción C del ejercicio 60', FALSE);
INSERT INTO opciones_ejercicio (id, ejercicio_id, orden_opcion, texto_opcion, es_correcta) VALUES (240, 60, 4, 'Opción D del ejercicio 60', FALSE);
INSERT INTO opciones_ejercicio (id, ejercicio_id, orden_opcion, texto_opcion, es_correcta) VALUES (241, 61, 1, 'Opción A del ejercicio 61', FALSE);
INSERT INTO opciones_ejercicio (id, ejercicio_id, orden_opcion, texto_opcion, es_correcta) VALUES (242, 61, 2, 'Respuesta correcta 61', TRUE);
INSERT INTO opciones_ejercicio (id, ejercicio_id, orden_opcion, texto_opcion, es_correcta) VALUES (243, 61, 3, 'Opción C del ejercicio 61', FALSE);
INSERT INTO opciones_ejercicio (id, ejercicio_id, orden_opcion, texto_opcion, es_correcta) VALUES (244, 61, 4, 'Opción D del ejercicio 61', FALSE);
INSERT INTO opciones_ejercicio (id, ejercicio_id, orden_opcion, texto_opcion, es_correcta) VALUES (245, 62, 1, 'Opción A del ejercicio 62', FALSE);
INSERT INTO opciones_ejercicio (id, ejercicio_id, orden_opcion, texto_opcion, es_correcta) VALUES (246, 62, 2, 'Respuesta correcta 62', TRUE);
INSERT INTO opciones_ejercicio (id, ejercicio_id, orden_opcion, texto_opcion, es_correcta) VALUES (247, 62, 3, 'Opción C del ejercicio 62', FALSE);
INSERT INTO opciones_ejercicio (id, ejercicio_id, orden_opcion, texto_opcion, es_correcta) VALUES (248, 62, 4, 'Opción D del ejercicio 62', FALSE);
INSERT INTO opciones_ejercicio (id, ejercicio_id, orden_opcion, texto_opcion, es_correcta) VALUES (249, 63, 1, 'Opción A del ejercicio 63', FALSE);
INSERT INTO opciones_ejercicio (id, ejercicio_id, orden_opcion, texto_opcion, es_correcta) VALUES (250, 63, 2, 'Respuesta correcta 63', TRUE);
INSERT INTO opciones_ejercicio (id, ejercicio_id, orden_opcion, texto_opcion, es_correcta) VALUES (251, 63, 3, 'Opción C del ejercicio 63', FALSE);
INSERT INTO opciones_ejercicio (id, ejercicio_id, orden_opcion, texto_opcion, es_correcta) VALUES (252, 63, 4, 'Opción D del ejercicio 63', FALSE);
INSERT INTO opciones_ejercicio (id, ejercicio_id, orden_opcion, texto_opcion, es_correcta) VALUES (253, 64, 1, 'Opción A del ejercicio 64', FALSE);
INSERT INTO opciones_ejercicio (id, ejercicio_id, orden_opcion, texto_opcion, es_correcta) VALUES (254, 64, 2, 'Respuesta correcta 64', TRUE);
INSERT INTO opciones_ejercicio (id, ejercicio_id, orden_opcion, texto_opcion, es_correcta) VALUES (255, 64, 3, 'Opción C del ejercicio 64', FALSE);
INSERT INTO opciones_ejercicio (id, ejercicio_id, orden_opcion, texto_opcion, es_correcta) VALUES (256, 64, 4, 'Opción D del ejercicio 64', FALSE);
INSERT INTO opciones_ejercicio (id, ejercicio_id, orden_opcion, texto_opcion, es_correcta) VALUES (257, 65, 1, 'Opción A del ejercicio 65', FALSE);
INSERT INTO opciones_ejercicio (id, ejercicio_id, orden_opcion, texto_opcion, es_correcta) VALUES (258, 65, 2, 'Respuesta correcta 65', TRUE);
INSERT INTO opciones_ejercicio (id, ejercicio_id, orden_opcion, texto_opcion, es_correcta) VALUES (259, 65, 3, 'Opción C del ejercicio 65', FALSE);
INSERT INTO opciones_ejercicio (id, ejercicio_id, orden_opcion, texto_opcion, es_correcta) VALUES (260, 65, 4, 'Opción D del ejercicio 65', FALSE);
INSERT INTO opciones_ejercicio (id, ejercicio_id, orden_opcion, texto_opcion, es_correcta) VALUES (261, 66, 1, 'Opción A del ejercicio 66', FALSE);
INSERT INTO opciones_ejercicio (id, ejercicio_id, orden_opcion, texto_opcion, es_correcta) VALUES (262, 66, 2, 'Respuesta correcta 66', TRUE);
INSERT INTO opciones_ejercicio (id, ejercicio_id, orden_opcion, texto_opcion, es_correcta) VALUES (263, 66, 3, 'Opción C del ejercicio 66', FALSE);
INSERT INTO opciones_ejercicio (id, ejercicio_id, orden_opcion, texto_opcion, es_correcta) VALUES (264, 66, 4, 'Opción D del ejercicio 66', FALSE);
INSERT INTO opciones_ejercicio (id, ejercicio_id, orden_opcion, texto_opcion, es_correcta) VALUES (265, 67, 1, 'Opción A del ejercicio 67', FALSE);
INSERT INTO opciones_ejercicio (id, ejercicio_id, orden_opcion, texto_opcion, es_correcta) VALUES (266, 67, 2, 'Respuesta correcta 67', TRUE);
INSERT INTO opciones_ejercicio (id, ejercicio_id, orden_opcion, texto_opcion, es_correcta) VALUES (267, 67, 3, 'Opción C del ejercicio 67', FALSE);
INSERT INTO opciones_ejercicio (id, ejercicio_id, orden_opcion, texto_opcion, es_correcta) VALUES (268, 67, 4, 'Opción D del ejercicio 67', FALSE);
INSERT INTO opciones_ejercicio (id, ejercicio_id, orden_opcion, texto_opcion, es_correcta) VALUES (269, 68, 1, 'Opción A del ejercicio 68', FALSE);
INSERT INTO opciones_ejercicio (id, ejercicio_id, orden_opcion, texto_opcion, es_correcta) VALUES (270, 68, 2, 'Respuesta correcta 68', TRUE);
INSERT INTO opciones_ejercicio (id, ejercicio_id, orden_opcion, texto_opcion, es_correcta) VALUES (271, 68, 3, 'Opción C del ejercicio 68', FALSE);
INSERT INTO opciones_ejercicio (id, ejercicio_id, orden_opcion, texto_opcion, es_correcta) VALUES (272, 68, 4, 'Opción D del ejercicio 68', FALSE);
INSERT INTO opciones_ejercicio (id, ejercicio_id, orden_opcion, texto_opcion, es_correcta) VALUES (273, 69, 1, 'Opción A del ejercicio 69', FALSE);
INSERT INTO opciones_ejercicio (id, ejercicio_id, orden_opcion, texto_opcion, es_correcta) VALUES (274, 69, 2, 'Respuesta correcta 69', TRUE);
INSERT INTO opciones_ejercicio (id, ejercicio_id, orden_opcion, texto_opcion, es_correcta) VALUES (275, 69, 3, 'Opción C del ejercicio 69', FALSE);
INSERT INTO opciones_ejercicio (id, ejercicio_id, orden_opcion, texto_opcion, es_correcta) VALUES (276, 69, 4, 'Opción D del ejercicio 69', FALSE);
INSERT INTO opciones_ejercicio (id, ejercicio_id, orden_opcion, texto_opcion, es_correcta) VALUES (277, 70, 1, 'Opción A del ejercicio 70', FALSE);
INSERT INTO opciones_ejercicio (id, ejercicio_id, orden_opcion, texto_opcion, es_correcta) VALUES (278, 70, 2, 'Respuesta correcta 70', TRUE);
INSERT INTO opciones_ejercicio (id, ejercicio_id, orden_opcion, texto_opcion, es_correcta) VALUES (279, 70, 3, 'Opción C del ejercicio 70', FALSE);
INSERT INTO opciones_ejercicio (id, ejercicio_id, orden_opcion, texto_opcion, es_correcta) VALUES (280, 70, 4, 'Opción D del ejercicio 70', FALSE);
INSERT INTO revisiones_ejercicio (id, ejercicio_id, revisor_id, accion, notas) VALUES (1, 1, 13, 'PUBLICADO', 'Ejercicio aprobado y publicado');
INSERT INTO revisiones_ejercicio (id, ejercicio_id, revisor_id, accion, notas) VALUES (2, 2, 14, 'PUBLICADO', 'Ejercicio aprobado y publicado');
INSERT INTO revisiones_ejercicio (id, ejercicio_id, revisor_id, accion, notas) VALUES (3, 3, 15, 'PUBLICADO', 'Ejercicio aprobado y publicado');
INSERT INTO revisiones_ejercicio (id, ejercicio_id, revisor_id, accion, notas) VALUES (4, 4, 13, 'PUBLICADO', 'Ejercicio aprobado y publicado');
INSERT INTO revisiones_ejercicio (id, ejercicio_id, revisor_id, accion, notas) VALUES (5, 5, 14, 'PUBLICADO', 'Ejercicio aprobado y publicado');
INSERT INTO revisiones_ejercicio (id, ejercicio_id, revisor_id, accion, notas) VALUES (6, 6, 15, 'PUBLICADO', 'Ejercicio aprobado y publicado');
INSERT INTO revisiones_ejercicio (id, ejercicio_id, revisor_id, accion, notas) VALUES (7, 7, 13, 'PUBLICADO', 'Ejercicio aprobado y publicado');
INSERT INTO revisiones_ejercicio (id, ejercicio_id, revisor_id, accion, notas) VALUES (8, 8, 14, 'PUBLICADO', 'Ejercicio aprobado y publicado');
INSERT INTO revisiones_ejercicio (id, ejercicio_id, revisor_id, accion, notas) VALUES (9, 9, 15, 'PUBLICADO', 'Ejercicio aprobado y publicado');
INSERT INTO revisiones_ejercicio (id, ejercicio_id, revisor_id, accion, notas) VALUES (10, 10, 13, 'PUBLICADO', 'Ejercicio aprobado y publicado');
INSERT INTO revisiones_ejercicio (id, ejercicio_id, revisor_id, accion, notas) VALUES (11, 11, 13, 'PUBLICADO', 'Ejercicio aprobado y publicado');
INSERT INTO revisiones_ejercicio (id, ejercicio_id, revisor_id, accion, notas) VALUES (12, 12, 14, 'PUBLICADO', 'Ejercicio aprobado y publicado');
INSERT INTO revisiones_ejercicio (id, ejercicio_id, revisor_id, accion, notas) VALUES (13, 13, 15, 'PUBLICADO', 'Ejercicio aprobado y publicado');
INSERT INTO revisiones_ejercicio (id, ejercicio_id, revisor_id, accion, notas) VALUES (14, 14, 13, 'PUBLICADO', 'Ejercicio aprobado y publicado');
INSERT INTO revisiones_ejercicio (id, ejercicio_id, revisor_id, accion, notas) VALUES (15, 15, 14, 'PUBLICADO', 'Ejercicio aprobado y publicado');
INSERT INTO revisiones_ejercicio (id, ejercicio_id, revisor_id, accion, notas) VALUES (16, 16, 15, 'PUBLICADO', 'Ejercicio aprobado y publicado');
INSERT INTO revisiones_ejercicio (id, ejercicio_id, revisor_id, accion, notas) VALUES (17, 17, 13, 'PUBLICADO', 'Ejercicio aprobado y publicado');
INSERT INTO revisiones_ejercicio (id, ejercicio_id, revisor_id, accion, notas) VALUES (18, 18, 14, 'PUBLICADO', 'Ejercicio aprobado y publicado');
INSERT INTO revisiones_ejercicio (id, ejercicio_id, revisor_id, accion, notas) VALUES (19, 19, 15, 'PUBLICADO', 'Ejercicio aprobado y publicado');
INSERT INTO revisiones_ejercicio (id, ejercicio_id, revisor_id, accion, notas) VALUES (20, 20, 13, 'PUBLICADO', 'Ejercicio aprobado y publicado');
INSERT INTO revisiones_ejercicio (id, ejercicio_id, revisor_id, accion, notas) VALUES (21, 21, 13, 'PUBLICADO', 'Ejercicio aprobado y publicado');
INSERT INTO revisiones_ejercicio (id, ejercicio_id, revisor_id, accion, notas) VALUES (22, 22, 14, 'PUBLICADO', 'Ejercicio aprobado y publicado');
INSERT INTO revisiones_ejercicio (id, ejercicio_id, revisor_id, accion, notas) VALUES (23, 23, 15, 'PUBLICADO', 'Ejercicio aprobado y publicado');
INSERT INTO revisiones_ejercicio (id, ejercicio_id, revisor_id, accion, notas) VALUES (24, 24, 13, 'PUBLICADO', 'Ejercicio aprobado y publicado');
INSERT INTO revisiones_ejercicio (id, ejercicio_id, revisor_id, accion, notas) VALUES (25, 25, 14, 'PUBLICADO', 'Ejercicio aprobado y publicado');
INSERT INTO revisiones_ejercicio (id, ejercicio_id, revisor_id, accion, notas) VALUES (26, 26, 15, 'PUBLICADO', 'Ejercicio aprobado y publicado');
INSERT INTO revisiones_ejercicio (id, ejercicio_id, revisor_id, accion, notas) VALUES (27, 27, 13, 'PUBLICADO', 'Ejercicio aprobado y publicado');
INSERT INTO revisiones_ejercicio (id, ejercicio_id, revisor_id, accion, notas) VALUES (28, 28, 14, 'PUBLICADO', 'Ejercicio aprobado y publicado');
INSERT INTO revisiones_ejercicio (id, ejercicio_id, revisor_id, accion, notas) VALUES (29, 29, 15, 'PUBLICADO', 'Ejercicio aprobado y publicado');
INSERT INTO revisiones_ejercicio (id, ejercicio_id, revisor_id, accion, notas) VALUES (30, 30, 13, 'PUBLICADO', 'Ejercicio aprobado y publicado');
INSERT INTO revisiones_ejercicio (id, ejercicio_id, revisor_id, accion, notas) VALUES (31, 31, 13, 'PUBLICADO', 'Ejercicio aprobado y publicado');
INSERT INTO revisiones_ejercicio (id, ejercicio_id, revisor_id, accion, notas) VALUES (32, 32, 14, 'PUBLICADO', 'Ejercicio aprobado y publicado');
INSERT INTO revisiones_ejercicio (id, ejercicio_id, revisor_id, accion, notas) VALUES (33, 33, 15, 'PUBLICADO', 'Ejercicio aprobado y publicado');
INSERT INTO revisiones_ejercicio (id, ejercicio_id, revisor_id, accion, notas) VALUES (34, 34, 13, 'PUBLICADO', 'Ejercicio aprobado y publicado');
INSERT INTO revisiones_ejercicio (id, ejercicio_id, revisor_id, accion, notas) VALUES (35, 35, 14, 'PUBLICADO', 'Ejercicio aprobado y publicado');
INSERT INTO revisiones_ejercicio (id, ejercicio_id, revisor_id, accion, notas) VALUES (36, 36, 15, 'PUBLICADO', 'Ejercicio aprobado y publicado');
INSERT INTO revisiones_ejercicio (id, ejercicio_id, revisor_id, accion, notas) VALUES (37, 37, 13, 'PUBLICADO', 'Ejercicio aprobado y publicado');
INSERT INTO revisiones_ejercicio (id, ejercicio_id, revisor_id, accion, notas) VALUES (38, 38, 14, 'PUBLICADO', 'Ejercicio aprobado y publicado');
INSERT INTO revisiones_ejercicio (id, ejercicio_id, revisor_id, accion, notas) VALUES (39, 39, 15, 'PUBLICADO', 'Ejercicio aprobado y publicado');
INSERT INTO revisiones_ejercicio (id, ejercicio_id, revisor_id, accion, notas) VALUES (40, 40, 13, 'PUBLICADO', 'Ejercicio aprobado y publicado');
INSERT INTO revisiones_ejercicio (id, ejercicio_id, revisor_id, accion, notas) VALUES (41, 41, 13, 'PUBLICADO', 'Ejercicio aprobado y publicado');
INSERT INTO revisiones_ejercicio (id, ejercicio_id, revisor_id, accion, notas) VALUES (42, 42, 14, 'PUBLICADO', 'Ejercicio aprobado y publicado');
INSERT INTO revisiones_ejercicio (id, ejercicio_id, revisor_id, accion, notas) VALUES (43, 43, 15, 'PUBLICADO', 'Ejercicio aprobado y publicado');
INSERT INTO revisiones_ejercicio (id, ejercicio_id, revisor_id, accion, notas) VALUES (44, 44, 13, 'PUBLICADO', 'Ejercicio aprobado y publicado');
INSERT INTO revisiones_ejercicio (id, ejercicio_id, revisor_id, accion, notas) VALUES (45, 45, 14, 'PUBLICADO', 'Ejercicio aprobado y publicado');
INSERT INTO revisiones_ejercicio (id, ejercicio_id, revisor_id, accion, notas) VALUES (46, 46, 15, 'PUBLICADO', 'Ejercicio aprobado y publicado');
INSERT INTO revisiones_ejercicio (id, ejercicio_id, revisor_id, accion, notas) VALUES (47, 47, 13, 'PUBLICADO', 'Ejercicio aprobado y publicado');
INSERT INTO revisiones_ejercicio (id, ejercicio_id, revisor_id, accion, notas) VALUES (48, 48, 14, 'PUBLICADO', 'Ejercicio aprobado y publicado');
INSERT INTO revisiones_ejercicio (id, ejercicio_id, revisor_id, accion, notas) VALUES (49, 49, 15, 'PUBLICADO', 'Ejercicio aprobado y publicado');
INSERT INTO revisiones_ejercicio (id, ejercicio_id, revisor_id, accion, notas) VALUES (50, 50, 13, 'PUBLICADO', 'Ejercicio aprobado y publicado');
INSERT INTO revisiones_ejercicio (id, ejercicio_id, revisor_id, accion, notas) VALUES (51, 51, 13, 'PUBLICADO', 'Ejercicio aprobado y publicado');
INSERT INTO revisiones_ejercicio (id, ejercicio_id, revisor_id, accion, notas) VALUES (52, 52, 14, 'PUBLICADO', 'Ejercicio aprobado y publicado');
INSERT INTO revisiones_ejercicio (id, ejercicio_id, revisor_id, accion, notas) VALUES (53, 53, 15, 'PUBLICADO', 'Ejercicio aprobado y publicado');
INSERT INTO revisiones_ejercicio (id, ejercicio_id, revisor_id, accion, notas) VALUES (54, 54, 13, 'PUBLICADO', 'Ejercicio aprobado y publicado');
INSERT INTO revisiones_ejercicio (id, ejercicio_id, revisor_id, accion, notas) VALUES (55, 55, 14, 'PUBLICADO', 'Ejercicio aprobado y publicado');
INSERT INTO revisiones_ejercicio (id, ejercicio_id, revisor_id, accion, notas) VALUES (56, 56, 15, 'PUBLICADO', 'Ejercicio aprobado y publicado');
INSERT INTO revisiones_ejercicio (id, ejercicio_id, revisor_id, accion, notas) VALUES (57, 57, 13, 'PUBLICADO', 'Ejercicio aprobado y publicado');
INSERT INTO revisiones_ejercicio (id, ejercicio_id, revisor_id, accion, notas) VALUES (58, 58, 14, 'PUBLICADO', 'Ejercicio aprobado y publicado');
INSERT INTO revisiones_ejercicio (id, ejercicio_id, revisor_id, accion, notas) VALUES (59, 59, 15, 'PUBLICADO', 'Ejercicio aprobado y publicado');
INSERT INTO revisiones_ejercicio (id, ejercicio_id, revisor_id, accion, notas) VALUES (60, 60, 13, 'PUBLICADO', 'Ejercicio aprobado y publicado');
INSERT INTO revisiones_ejercicio (id, ejercicio_id, revisor_id, accion, notas) VALUES (61, 61, 13, 'PUBLICADO', 'Ejercicio aprobado y publicado');
INSERT INTO revisiones_ejercicio (id, ejercicio_id, revisor_id, accion, notas) VALUES (62, 62, 14, 'PUBLICADO', 'Ejercicio aprobado y publicado');
INSERT INTO revisiones_ejercicio (id, ejercicio_id, revisor_id, accion, notas) VALUES (63, 63, 15, 'PUBLICADO', 'Ejercicio aprobado y publicado');
INSERT INTO revisiones_ejercicio (id, ejercicio_id, revisor_id, accion, notas) VALUES (64, 64, 13, 'PUBLICADO', 'Ejercicio aprobado y publicado');
INSERT INTO revisiones_ejercicio (id, ejercicio_id, revisor_id, accion, notas) VALUES (65, 65, 14, 'PUBLICADO', 'Ejercicio aprobado y publicado');
INSERT INTO revisiones_ejercicio (id, ejercicio_id, revisor_id, accion, notas) VALUES (66, 66, 15, 'PUBLICADO', 'Ejercicio aprobado y publicado');
INSERT INTO revisiones_ejercicio (id, ejercicio_id, revisor_id, accion, notas) VALUES (67, 67, 13, 'PUBLICADO', 'Ejercicio aprobado y publicado');
INSERT INTO revisiones_ejercicio (id, ejercicio_id, revisor_id, accion, notas) VALUES (68, 68, 14, 'PUBLICADO', 'Ejercicio aprobado y publicado');
INSERT INTO revisiones_ejercicio (id, ejercicio_id, revisor_id, accion, notas) VALUES (69, 69, 15, 'PUBLICADO', 'Ejercicio aprobado y publicado');
INSERT INTO revisiones_ejercicio (id, ejercicio_id, revisor_id, accion, notas) VALUES (70, 70, 13, 'PUBLICADO', 'Ejercicio aprobado y publicado');
INSERT INTO ejercicios_relacionados (ejercicio_id, ejercicio_relacionado_id) VALUES (2, 1);
INSERT INTO ejercicios_relacionados (ejercicio_id, ejercicio_relacionado_id) VALUES (3, 2);
INSERT INTO ejercicios_relacionados (ejercicio_id, ejercicio_relacionado_id) VALUES (4, 3);
INSERT INTO ejercicios_relacionados (ejercicio_id, ejercicio_relacionado_id) VALUES (5, 4);
INSERT INTO ejercicios_relacionados (ejercicio_id, ejercicio_relacionado_id) VALUES (6, 5);
INSERT INTO ejercicios_relacionados (ejercicio_id, ejercicio_relacionado_id) VALUES (7, 6);
INSERT INTO ejercicios_relacionados (ejercicio_id, ejercicio_relacionado_id) VALUES (8, 7);
INSERT INTO ejercicios_relacionados (ejercicio_id, ejercicio_relacionado_id) VALUES (9, 8);
INSERT INTO ejercicios_relacionados (ejercicio_id, ejercicio_relacionado_id) VALUES (10, 9);
INSERT INTO ejercicios_relacionados (ejercicio_id, ejercicio_relacionado_id) VALUES (11, 10);
INSERT INTO ejercicios_relacionados (ejercicio_id, ejercicio_relacionado_id) VALUES (12, 11);
INSERT INTO ejercicios_relacionados (ejercicio_id, ejercicio_relacionado_id) VALUES (13, 12);
INSERT INTO ejercicios_relacionados (ejercicio_id, ejercicio_relacionado_id) VALUES (14, 13);
INSERT INTO ejercicios_relacionados (ejercicio_id, ejercicio_relacionado_id) VALUES (15, 14);
INSERT INTO ejercicios_relacionados (ejercicio_id, ejercicio_relacionado_id) VALUES (16, 15);
INSERT INTO ejercicios_relacionados (ejercicio_id, ejercicio_relacionado_id) VALUES (17, 16);
INSERT INTO ejercicios_relacionados (ejercicio_id, ejercicio_relacionado_id) VALUES (18, 17);
INSERT INTO ejercicios_relacionados (ejercicio_id, ejercicio_relacionado_id) VALUES (19, 18);
INSERT INTO ejercicios_relacionados (ejercicio_id, ejercicio_relacionado_id) VALUES (20, 19);
INSERT INTO ejercicios_relacionados (ejercicio_id, ejercicio_relacionado_id) VALUES (21, 20);
INSERT INTO ejercicios_relacionados (ejercicio_id, ejercicio_relacionado_id) VALUES (22, 21);
INSERT INTO ejercicios_relacionados (ejercicio_id, ejercicio_relacionado_id) VALUES (23, 22);
INSERT INTO ejercicios_relacionados (ejercicio_id, ejercicio_relacionado_id) VALUES (24, 23);
INSERT INTO ejercicios_relacionados (ejercicio_id, ejercicio_relacionado_id) VALUES (25, 24);
INSERT INTO ejercicios_relacionados (ejercicio_id, ejercicio_relacionado_id) VALUES (26, 25);
INSERT INTO ejercicios_relacionados (ejercicio_id, ejercicio_relacionado_id) VALUES (27, 26);
INSERT INTO ejercicios_relacionados (ejercicio_id, ejercicio_relacionado_id) VALUES (28, 27);
INSERT INTO ejercicios_relacionados (ejercicio_id, ejercicio_relacionado_id) VALUES (29, 28);
INSERT INTO ejercicios_relacionados (ejercicio_id, ejercicio_relacionado_id) VALUES (30, 29);
INSERT INTO ejercicios_relacionados (ejercicio_id, ejercicio_relacionado_id) VALUES (31, 30);
INSERT INTO ejercicios_relacionados (ejercicio_id, ejercicio_relacionado_id) VALUES (32, 31);
INSERT INTO ejercicios_relacionados (ejercicio_id, ejercicio_relacionado_id) VALUES (33, 32);
INSERT INTO ejercicios_relacionados (ejercicio_id, ejercicio_relacionado_id) VALUES (34, 33);
INSERT INTO ejercicios_relacionados (ejercicio_id, ejercicio_relacionado_id) VALUES (35, 34);
INSERT INTO ejercicios_relacionados (ejercicio_id, ejercicio_relacionado_id) VALUES (36, 35);
INSERT INTO ejercicios_relacionados (ejercicio_id, ejercicio_relacionado_id) VALUES (37, 36);
INSERT INTO ejercicios_relacionados (ejercicio_id, ejercicio_relacionado_id) VALUES (38, 37);
INSERT INTO ejercicios_relacionados (ejercicio_id, ejercicio_relacionado_id) VALUES (39, 38);
INSERT INTO ejercicios_relacionados (ejercicio_id, ejercicio_relacionado_id) VALUES (40, 39);
INSERT INTO ejercicios_relacionados (ejercicio_id, ejercicio_relacionado_id) VALUES (41, 40);
INSERT INTO ejercicios_relacionados (ejercicio_id, ejercicio_relacionado_id) VALUES (42, 41);
INSERT INTO ejercicios_relacionados (ejercicio_id, ejercicio_relacionado_id) VALUES (43, 42);
INSERT INTO ejercicios_relacionados (ejercicio_id, ejercicio_relacionado_id) VALUES (44, 43);
INSERT INTO ejercicios_relacionados (ejercicio_id, ejercicio_relacionado_id) VALUES (45, 44);
INSERT INTO ejercicios_relacionados (ejercicio_id, ejercicio_relacionado_id) VALUES (46, 45);
INSERT INTO ejercicios_relacionados (ejercicio_id, ejercicio_relacionado_id) VALUES (47, 46);
INSERT INTO ejercicios_relacionados (ejercicio_id, ejercicio_relacionado_id) VALUES (48, 47);
INSERT INTO ejercicios_relacionados (ejercicio_id, ejercicio_relacionado_id) VALUES (49, 48);
INSERT INTO ejercicios_relacionados (ejercicio_id, ejercicio_relacionado_id) VALUES (50, 49);
INSERT INTO ejercicios_relacionados (ejercicio_id, ejercicio_relacionado_id) VALUES (51, 50);
INSERT INTO ejercicios_relacionados (ejercicio_id, ejercicio_relacionado_id) VALUES (52, 51);
INSERT INTO ejercicios_relacionados (ejercicio_id, ejercicio_relacionado_id) VALUES (53, 52);
INSERT INTO ejercicios_relacionados (ejercicio_id, ejercicio_relacionado_id) VALUES (54, 53);
INSERT INTO ejercicios_relacionados (ejercicio_id, ejercicio_relacionado_id) VALUES (55, 54);
INSERT INTO ejercicios_relacionados (ejercicio_id, ejercicio_relacionado_id) VALUES (56, 55);
INSERT INTO ejercicios_relacionados (ejercicio_id, ejercicio_relacionado_id) VALUES (57, 56);
INSERT INTO ejercicios_relacionados (ejercicio_id, ejercicio_relacionado_id) VALUES (58, 57);
INSERT INTO ejercicios_relacionados (ejercicio_id, ejercicio_relacionado_id) VALUES (59, 58);
INSERT INTO ejercicios_relacionados (ejercicio_id, ejercicio_relacionado_id) VALUES (60, 59);
INSERT INTO ejercicios_relacionados (ejercicio_id, ejercicio_relacionado_id) VALUES (61, 60);
INSERT INTO ejercicios_relacionados (ejercicio_id, ejercicio_relacionado_id) VALUES (62, 61);
INSERT INTO ejercicios_relacionados (ejercicio_id, ejercicio_relacionado_id) VALUES (63, 62);
INSERT INTO ejercicios_relacionados (ejercicio_id, ejercicio_relacionado_id) VALUES (64, 63);
INSERT INTO ejercicios_relacionados (ejercicio_id, ejercicio_relacionado_id) VALUES (65, 64);
INSERT INTO ejercicios_relacionados (ejercicio_id, ejercicio_relacionado_id) VALUES (66, 65);
INSERT INTO ejercicios_relacionados (ejercicio_id, ejercicio_relacionado_id) VALUES (67, 66);
INSERT INTO ejercicios_relacionados (ejercicio_id, ejercicio_relacionado_id) VALUES (68, 67);
INSERT INTO ejercicios_relacionados (ejercicio_id, ejercicio_relacionado_id) VALUES (69, 68);
INSERT INTO ejercicios_relacionados (ejercicio_id, ejercicio_relacionado_id) VALUES (70, 69);
INSERT INTO tests_diagnostico (id, nombre, descripcion, activo, creado_por) VALUES (1, 'Diagnóstico general de admisión', 'Test inicial con preguntas de los 7 módulos', TRUE, 1);
INSERT INTO test_diagnostico_preguntas (test_diagnostico_id, ejercicio_id, orden_pregunta) VALUES (1, 1, 1);
INSERT INTO test_diagnostico_preguntas (test_diagnostico_id, ejercicio_id, orden_pregunta) VALUES (1, 2, 2);
INSERT INTO test_diagnostico_preguntas (test_diagnostico_id, ejercicio_id, orden_pregunta) VALUES (1, 11, 3);
INSERT INTO test_diagnostico_preguntas (test_diagnostico_id, ejercicio_id, orden_pregunta) VALUES (1, 12, 4);
INSERT INTO test_diagnostico_preguntas (test_diagnostico_id, ejercicio_id, orden_pregunta) VALUES (1, 21, 5);
INSERT INTO test_diagnostico_preguntas (test_diagnostico_id, ejercicio_id, orden_pregunta) VALUES (1, 22, 6);
INSERT INTO test_diagnostico_preguntas (test_diagnostico_id, ejercicio_id, orden_pregunta) VALUES (1, 31, 7);
INSERT INTO test_diagnostico_preguntas (test_diagnostico_id, ejercicio_id, orden_pregunta) VALUES (1, 32, 8);
INSERT INTO test_diagnostico_preguntas (test_diagnostico_id, ejercicio_id, orden_pregunta) VALUES (1, 41, 9);
INSERT INTO test_diagnostico_preguntas (test_diagnostico_id, ejercicio_id, orden_pregunta) VALUES (1, 42, 10);
INSERT INTO test_diagnostico_preguntas (test_diagnostico_id, ejercicio_id, orden_pregunta) VALUES (1, 51, 11);
INSERT INTO test_diagnostico_preguntas (test_diagnostico_id, ejercicio_id, orden_pregunta) VALUES (1, 52, 12);
INSERT INTO test_diagnostico_preguntas (test_diagnostico_id, ejercicio_id, orden_pregunta) VALUES (1, 61, 13);
INSERT INTO test_diagnostico_preguntas (test_diagnostico_id, ejercicio_id, orden_pregunta) VALUES (1, 62, 14);
INSERT INTO intentos_diagnostico (id, test_diagnostico_id, estudiante_id, estado, puntaje_total, fecha_inicio, fecha_fin) VALUES (1, 1, 4, 'FINALIZADO', 52.0, '2026-03-25 08:00:00+00', '2026-03-25 08:40:00+00');
INSERT INTO intentos_diagnostico (id, test_diagnostico_id, estudiante_id, estado, puntaje_total, fecha_inicio, fecha_fin) VALUES (2, 1, 5, 'FINALIZADO', 68.0, '2026-03-25 09:00:00+00', '2026-03-25 09:35:00+00');
INSERT INTO resultados_diagnostico_modulo (intento_diagnostico_id, modulo_id, puntaje_porcentaje, clasificacion) VALUES (1, 1, 45, 'DEFICIENTE');
INSERT INTO resultados_diagnostico_modulo (intento_diagnostico_id, modulo_id, puntaje_porcentaje, clasificacion) VALUES (1, 2, 55, 'EN_DESARROLLO');
INSERT INTO resultados_diagnostico_modulo (intento_diagnostico_id, modulo_id, puntaje_porcentaje, clasificacion) VALUES (1, 3, 40, 'DEFICIENTE');
INSERT INTO resultados_diagnostico_modulo (intento_diagnostico_id, modulo_id, puntaje_porcentaje, clasificacion) VALUES (1, 4, 62, 'EN_DESARROLLO');
INSERT INTO resultados_diagnostico_modulo (intento_diagnostico_id, modulo_id, puntaje_porcentaje, clasificacion) VALUES (1, 5, 38, 'DEFICIENTE');
INSERT INTO resultados_diagnostico_modulo (intento_diagnostico_id, modulo_id, puntaje_porcentaje, clasificacion) VALUES (1, 6, 70, 'EN_DESARROLLO');
INSERT INTO resultados_diagnostico_modulo (intento_diagnostico_id, modulo_id, puntaje_porcentaje, clasificacion) VALUES (1, 7, 54, 'EN_DESARROLLO');
INSERT INTO resultados_diagnostico_modulo (intento_diagnostico_id, modulo_id, puntaje_porcentaje, clasificacion) VALUES (2, 1, 80, 'DOMINADO');
INSERT INTO resultados_diagnostico_modulo (intento_diagnostico_id, modulo_id, puntaje_porcentaje, clasificacion) VALUES (2, 2, 72, 'EN_DESARROLLO');
INSERT INTO resultados_diagnostico_modulo (intento_diagnostico_id, modulo_id, puntaje_porcentaje, clasificacion) VALUES (2, 3, 60, 'EN_DESARROLLO');
INSERT INTO resultados_diagnostico_modulo (intento_diagnostico_id, modulo_id, puntaje_porcentaje, clasificacion) VALUES (2, 4, 48, 'DEFICIENTE');
INSERT INTO resultados_diagnostico_modulo (intento_diagnostico_id, modulo_id, puntaje_porcentaje, clasificacion) VALUES (2, 5, 66, 'EN_DESARROLLO');
INSERT INTO resultados_diagnostico_modulo (intento_diagnostico_id, modulo_id, puntaje_porcentaje, clasificacion) VALUES (2, 6, 58, 'EN_DESARROLLO');
INSERT INTO resultados_diagnostico_modulo (intento_diagnostico_id, modulo_id, puntaje_porcentaje, clasificacion) VALUES (2, 7, 92, 'DOMINADO');
INSERT INTO rutas_aprendizaje (id, estudiante_id, intento_diagnostico_id, activa, fecha_generacion) VALUES (1, 4, 1, TRUE, '2026-03-25 10:00:00+00');
INSERT INTO rutas_aprendizaje (id, estudiante_id, intento_diagnostico_id, activa, fecha_generacion) VALUES (2, 5, 2, TRUE, '2026-03-25 10:10:00+00');
INSERT INTO ruta_aprendizaje_detalle (ruta_id, modulo_id, subtema_id, prioridad_modulo, prioridad_subtema, origen, estado) VALUES (1, 5, 18, 1, 1, 'DIRECTO', 'PENDIENTE');
INSERT INTO ruta_aprendizaje_detalle (ruta_id, modulo_id, subtema_id, prioridad_modulo, prioridad_subtema, origen, estado) VALUES (1, 5, 19, 1, 2, 'REFUERZO', 'PENDIENTE');
INSERT INTO ruta_aprendizaje_detalle (ruta_id, modulo_id, subtema_id, prioridad_modulo, prioridad_subtema, origen, estado) VALUES (1, 3, 10, 2, 1, 'DIRECTO', 'PENDIENTE');
INSERT INTO ruta_aprendizaje_detalle (ruta_id, modulo_id, subtema_id, prioridad_modulo, prioridad_subtema, origen, estado) VALUES (1, 3, 11, 2, 2, 'REFUERZO', 'PENDIENTE');
INSERT INTO ruta_aprendizaje_detalle (ruta_id, modulo_id, subtema_id, prioridad_modulo, prioridad_subtema, origen, estado) VALUES (1, 1, 1, 3, 1, 'DIRECTO', 'PENDIENTE');
INSERT INTO ruta_aprendizaje_detalle (ruta_id, modulo_id, subtema_id, prioridad_modulo, prioridad_subtema, origen, estado) VALUES (1, 1, 2, 3, 2, 'REFUERZO', 'PENDIENTE');
INSERT INTO ruta_aprendizaje_detalle (ruta_id, modulo_id, subtema_id, prioridad_modulo, prioridad_subtema, origen, estado) VALUES (1, 7, 26, 4, 1, 'DIRECTO', 'PENDIENTE');
INSERT INTO ruta_aprendizaje_detalle (ruta_id, modulo_id, subtema_id, prioridad_modulo, prioridad_subtema, origen, estado) VALUES (1, 7, 27, 4, 2, 'REFUERZO', 'PENDIENTE');
INSERT INTO ruta_aprendizaje_detalle (ruta_id, modulo_id, subtema_id, prioridad_modulo, prioridad_subtema, origen, estado) VALUES (1, 2, 6, 5, 1, 'DIRECTO', 'PENDIENTE');
INSERT INTO ruta_aprendizaje_detalle (ruta_id, modulo_id, subtema_id, prioridad_modulo, prioridad_subtema, origen, estado) VALUES (1, 2, 7, 5, 2, 'REFUERZO', 'PENDIENTE');
INSERT INTO ruta_aprendizaje_detalle (ruta_id, modulo_id, subtema_id, prioridad_modulo, prioridad_subtema, origen, estado) VALUES (1, 4, 14, 6, 1, 'DIRECTO', 'PENDIENTE');
INSERT INTO ruta_aprendizaje_detalle (ruta_id, modulo_id, subtema_id, prioridad_modulo, prioridad_subtema, origen, estado) VALUES (1, 4, 15, 6, 2, 'REFUERZO', 'PENDIENTE');
INSERT INTO ruta_aprendizaje_detalle (ruta_id, modulo_id, subtema_id, prioridad_modulo, prioridad_subtema, origen, estado) VALUES (1, 6, 22, 7, 1, 'DIRECTO', 'PENDIENTE');
INSERT INTO ruta_aprendizaje_detalle (ruta_id, modulo_id, subtema_id, prioridad_modulo, prioridad_subtema, origen, estado) VALUES (1, 6, 23, 7, 2, 'REFUERZO', 'PENDIENTE');
INSERT INTO ruta_aprendizaje_detalle (ruta_id, modulo_id, subtema_id, prioridad_modulo, prioridad_subtema, origen, estado) VALUES (2, 4, 14, 1, 1, 'DIRECTO', 'PENDIENTE');
INSERT INTO ruta_aprendizaje_detalle (ruta_id, modulo_id, subtema_id, prioridad_modulo, prioridad_subtema, origen, estado) VALUES (2, 4, 15, 1, 2, 'REFUERZO', 'PENDIENTE');
INSERT INTO ruta_aprendizaje_detalle (ruta_id, modulo_id, subtema_id, prioridad_modulo, prioridad_subtema, origen, estado) VALUES (2, 6, 22, 2, 1, 'DIRECTO', 'PENDIENTE');
INSERT INTO ruta_aprendizaje_detalle (ruta_id, modulo_id, subtema_id, prioridad_modulo, prioridad_subtema, origen, estado) VALUES (2, 6, 23, 2, 2, 'REFUERZO', 'PENDIENTE');
INSERT INTO ruta_aprendizaje_detalle (ruta_id, modulo_id, subtema_id, prioridad_modulo, prioridad_subtema, origen, estado) VALUES (2, 3, 10, 3, 1, 'DIRECTO', 'PENDIENTE');
INSERT INTO ruta_aprendizaje_detalle (ruta_id, modulo_id, subtema_id, prioridad_modulo, prioridad_subtema, origen, estado) VALUES (2, 3, 11, 3, 2, 'REFUERZO', 'PENDIENTE');
INSERT INTO ruta_aprendizaje_detalle (ruta_id, modulo_id, subtema_id, prioridad_modulo, prioridad_subtema, origen, estado) VALUES (2, 5, 18, 4, 1, 'DIRECTO', 'PENDIENTE');
INSERT INTO ruta_aprendizaje_detalle (ruta_id, modulo_id, subtema_id, prioridad_modulo, prioridad_subtema, origen, estado) VALUES (2, 5, 19, 4, 2, 'REFUERZO', 'PENDIENTE');
INSERT INTO ruta_aprendizaje_detalle (ruta_id, modulo_id, subtema_id, prioridad_modulo, prioridad_subtema, origen, estado) VALUES (2, 2, 6, 5, 1, 'DIRECTO', 'PENDIENTE');
INSERT INTO ruta_aprendizaje_detalle (ruta_id, modulo_id, subtema_id, prioridad_modulo, prioridad_subtema, origen, estado) VALUES (2, 2, 7, 5, 2, 'REFUERZO', 'PENDIENTE');
INSERT INTO ruta_aprendizaje_detalle (ruta_id, modulo_id, subtema_id, prioridad_modulo, prioridad_subtema, origen, estado) VALUES (2, 1, 1, 6, 1, 'DIRECTO', 'PENDIENTE');
INSERT INTO ruta_aprendizaje_detalle (ruta_id, modulo_id, subtema_id, prioridad_modulo, prioridad_subtema, origen, estado) VALUES (2, 1, 2, 6, 2, 'REFUERZO', 'PENDIENTE');
INSERT INTO ruta_aprendizaje_detalle (ruta_id, modulo_id, subtema_id, prioridad_modulo, prioridad_subtema, origen, estado) VALUES (2, 7, 26, 7, 1, 'DIRECTO', 'PENDIENTE');
INSERT INTO ruta_aprendizaje_detalle (ruta_id, modulo_id, subtema_id, prioridad_modulo, prioridad_subtema, origen, estado) VALUES (2, 7, 27, 7, 2, 'REFUERZO', 'PENDIENTE');
INSERT INTO recursos_educativos (id, modulo_id, subtema_id, tutor_id, revisor_id, tipo_recurso, titulo, descripcion, url_recurso, estado, fecha_publicacion) VALUES (1, 1, 1, 9, 13, 'PDF', 'Resumen PDF de Números Reales', 'Recurso PDF de apoyo del módulo Números Reales', 'https://ingeniamath.gt/recursos/1/resumen.pdf', 'PUBLICADO', NOW());
INSERT INTO recursos_educativos (id, modulo_id, subtema_id, tutor_id, revisor_id, tipo_recurso, titulo, descripcion, url_recurso, estado, fecha_publicacion) VALUES (2, 1, 1, 9, 13, 'VIDEO', 'Video de Números Reales', 'Video explicativo del módulo Números Reales', 'https://youtu.be/ingeniamath_mod_1', 'PUBLICADO', NOW());
INSERT INTO recursos_educativos (id, modulo_id, subtema_id, tutor_id, revisor_id, tipo_recurso, titulo, descripcion, url_recurso, estado, fecha_publicacion) VALUES (3, 2, 6, 10, 14, 'PDF', 'Resumen PDF de Fundamentos de Álgebra', 'Recurso PDF de apoyo del módulo Fundamentos de Álgebra', 'https://ingeniamath.gt/recursos/2/resumen.pdf', 'PUBLICADO', NOW());
INSERT INTO recursos_educativos (id, modulo_id, subtema_id, tutor_id, revisor_id, tipo_recurso, titulo, descripcion, url_recurso, estado, fecha_publicacion) VALUES (4, 2, 6, 10, 14, 'VIDEO', 'Video de Fundamentos de Álgebra', 'Video explicativo del módulo Fundamentos de Álgebra', 'https://youtu.be/ingeniamath_mod_2', 'PUBLICADO', NOW());
INSERT INTO recursos_educativos (id, modulo_id, subtema_id, tutor_id, revisor_id, tipo_recurso, titulo, descripcion, url_recurso, estado, fecha_publicacion) VALUES (5, 3, 10, 11, 15, 'PDF', 'Resumen PDF de Ecuaciones e Inecuaciones', 'Recurso PDF de apoyo del módulo Ecuaciones e Inecuaciones', 'https://ingeniamath.gt/recursos/3/resumen.pdf', 'PUBLICADO', NOW());
INSERT INTO recursos_educativos (id, modulo_id, subtema_id, tutor_id, revisor_id, tipo_recurso, titulo, descripcion, url_recurso, estado, fecha_publicacion) VALUES (6, 3, 10, 11, 15, 'VIDEO', 'Video de Ecuaciones e Inecuaciones', 'Video explicativo del módulo Ecuaciones e Inecuaciones', 'https://youtu.be/ingeniamath_mod_3', 'PUBLICADO', NOW());
INSERT INTO recursos_educativos (id, modulo_id, subtema_id, tutor_id, revisor_id, tipo_recurso, titulo, descripcion, url_recurso, estado, fecha_publicacion) VALUES (7, 4, 14, 12, 13, 'PDF', 'Resumen PDF de Funciones y Gráficas', 'Recurso PDF de apoyo del módulo Funciones y Gráficas', 'https://ingeniamath.gt/recursos/4/resumen.pdf', 'PUBLICADO', NOW());
INSERT INTO recursos_educativos (id, modulo_id, subtema_id, tutor_id, revisor_id, tipo_recurso, titulo, descripcion, url_recurso, estado, fecha_publicacion) VALUES (8, 4, 14, 12, 13, 'VIDEO', 'Video de Funciones y Gráficas', 'Video explicativo del módulo Funciones y Gráficas', 'https://youtu.be/ingeniamath_mod_4', 'PUBLICADO', NOW());
INSERT INTO recursos_educativos (id, modulo_id, subtema_id, tutor_id, revisor_id, tipo_recurso, titulo, descripcion, url_recurso, estado, fecha_publicacion) VALUES (9, 5, 18, 9, 14, 'PDF', 'Resumen PDF de Geometría Analítica', 'Recurso PDF de apoyo del módulo Geometría Analítica', 'https://ingeniamath.gt/recursos/5/resumen.pdf', 'PUBLICADO', NOW());
INSERT INTO recursos_educativos (id, modulo_id, subtema_id, tutor_id, revisor_id, tipo_recurso, titulo, descripcion, url_recurso, estado, fecha_publicacion) VALUES (10, 5, 18, 9, 14, 'VIDEO', 'Video de Geometría Analítica', 'Video explicativo del módulo Geometría Analítica', 'https://youtu.be/ingeniamath_mod_5', 'PUBLICADO', NOW());
INSERT INTO recursos_educativos (id, modulo_id, subtema_id, tutor_id, revisor_id, tipo_recurso, titulo, descripcion, url_recurso, estado, fecha_publicacion) VALUES (11, 6, 22, 10, 15, 'PDF', 'Resumen PDF de Geometría', 'Recurso PDF de apoyo del módulo Geometría', 'https://ingeniamath.gt/recursos/6/resumen.pdf', 'PUBLICADO', NOW());
INSERT INTO recursos_educativos (id, modulo_id, subtema_id, tutor_id, revisor_id, tipo_recurso, titulo, descripcion, url_recurso, estado, fecha_publicacion) VALUES (12, 6, 22, 10, 15, 'VIDEO', 'Video de Geometría', 'Video explicativo del módulo Geometría', 'https://youtu.be/ingeniamath_mod_6', 'PUBLICADO', NOW());
INSERT INTO recursos_educativos (id, modulo_id, subtema_id, tutor_id, revisor_id, tipo_recurso, titulo, descripcion, url_recurso, estado, fecha_publicacion) VALUES (13, 7, 26, 11, 13, 'PDF', 'Resumen PDF de Trigonometría', 'Recurso PDF de apoyo del módulo Trigonometría', 'https://ingeniamath.gt/recursos/7/resumen.pdf', 'PUBLICADO', NOW());
INSERT INTO recursos_educativos (id, modulo_id, subtema_id, tutor_id, revisor_id, tipo_recurso, titulo, descripcion, url_recurso, estado, fecha_publicacion) VALUES (14, 7, 26, 11, 13, 'VIDEO', 'Video de Trigonometría', 'Video explicativo del módulo Trigonometría', 'https://youtu.be/ingeniamath_mod_7', 'PUBLICADO', NOW());
INSERT INTO flashcards (id, modulo_id, subtema_id, titulo, frente, reverso, creado_por) VALUES (1, 1, 1, 'Flashcard 1', 'Pregunta corta 1 del módulo 1', 'Respuesta breve 1 del módulo 1', 9);
INSERT INTO flashcards (id, modulo_id, subtema_id, titulo, frente, reverso, creado_por) VALUES (2, 1, 1, 'Flashcard 2', 'Pregunta corta 2 del módulo 1', 'Respuesta breve 2 del módulo 1', 10);
INSERT INTO flashcards (id, modulo_id, subtema_id, titulo, frente, reverso, creado_por) VALUES (3, 2, 6, 'Flashcard 3', 'Pregunta corta 3 del módulo 2', 'Respuesta breve 3 del módulo 2', 11);
INSERT INTO flashcards (id, modulo_id, subtema_id, titulo, frente, reverso, creado_por) VALUES (4, 2, 6, 'Flashcard 4', 'Pregunta corta 4 del módulo 2', 'Respuesta breve 4 del módulo 2', 12);
INSERT INTO flashcards (id, modulo_id, subtema_id, titulo, frente, reverso, creado_por) VALUES (5, 3, 10, 'Flashcard 5', 'Pregunta corta 5 del módulo 3', 'Respuesta breve 5 del módulo 3', 9);
INSERT INTO flashcards (id, modulo_id, subtema_id, titulo, frente, reverso, creado_por) VALUES (6, 3, 10, 'Flashcard 6', 'Pregunta corta 6 del módulo 3', 'Respuesta breve 6 del módulo 3', 10);
INSERT INTO flashcards (id, modulo_id, subtema_id, titulo, frente, reverso, creado_por) VALUES (7, 4, 14, 'Flashcard 7', 'Pregunta corta 7 del módulo 4', 'Respuesta breve 7 del módulo 4', 11);
INSERT INTO flashcards (id, modulo_id, subtema_id, titulo, frente, reverso, creado_por) VALUES (8, 4, 14, 'Flashcard 8', 'Pregunta corta 8 del módulo 4', 'Respuesta breve 8 del módulo 4', 12);
INSERT INTO flashcards (id, modulo_id, subtema_id, titulo, frente, reverso, creado_por) VALUES (9, 5, 18, 'Flashcard 9', 'Pregunta corta 9 del módulo 5', 'Respuesta breve 9 del módulo 5', 9);
INSERT INTO flashcards (id, modulo_id, subtema_id, titulo, frente, reverso, creado_por) VALUES (10, 6, 22, 'Flashcard 10', 'Pregunta corta 10 del módulo 6', 'Respuesta breve 10 del módulo 6', 10);
INSERT INTO configuraciones_simulacro (id, nombre, duracion_minutos, cantidad_preguntas, puntaje_minimo_aprobacion, activa, creado_por) VALUES (1, 'Simulacro base 90 min', 90, 14, 61.00, TRUE, 1);
INSERT INTO configuracion_simulacro_modulo (configuracion_simulacro_id, modulo_id, cantidad_preguntas) VALUES (1, 1, 2);
INSERT INTO configuracion_simulacro_modulo (configuracion_simulacro_id, modulo_id, cantidad_preguntas) VALUES (1, 2, 2);
INSERT INTO configuracion_simulacro_modulo (configuracion_simulacro_id, modulo_id, cantidad_preguntas) VALUES (1, 3, 2);
INSERT INTO configuracion_simulacro_modulo (configuracion_simulacro_id, modulo_id, cantidad_preguntas) VALUES (1, 4, 2);
INSERT INTO configuracion_simulacro_modulo (configuracion_simulacro_id, modulo_id, cantidad_preguntas) VALUES (1, 5, 2);
INSERT INTO configuracion_simulacro_modulo (configuracion_simulacro_id, modulo_id, cantidad_preguntas) VALUES (1, 6, 2);
INSERT INTO configuracion_simulacro_modulo (configuracion_simulacro_id, modulo_id, cantidad_preguntas) VALUES (1, 7, 2);
INSERT INTO simulacros (id, configuracion_simulacro_id, estudiante_id, estado, puntaje_total, puntaje_minimo_referencia, aprueba_referencia, duracion_minutos_real, fecha_inicio, fecha_fin) VALUES (1, 1, 4, 'FINALIZADO', 57.14, 61.0, FALSE, 88, '2026-03-30 14:00:00+00', '2026-03-30 15:28:00+00');
INSERT INTO simulacros (id, configuracion_simulacro_id, estudiante_id, estado, puntaje_total, puntaje_minimo_referencia, aprueba_referencia, duracion_minutos_real, fecha_inicio, fecha_fin) VALUES (2, 1, 5, 'FINALIZADO', 71.43, 61.0, TRUE, 85, '2026-04-02 14:00:00+00', '2026-04-02 15:25:00+00');
INSERT INTO simulacros (id, configuracion_simulacro_id, estudiante_id, estado, puntaje_total, puntaje_minimo_referencia, aprueba_referencia, duracion_minutos_real, fecha_inicio, fecha_fin) VALUES (3, 1, 4, 'FINALIZADO', 64.29, 61.0, TRUE, 89, '2026-04-05 14:00:00+00', '2026-04-05 15:29:00+00');
INSERT INTO simulacro_preguntas (simulacro_id, ejercicio_id, orden_pregunta, es_correcta) VALUES (1, 1, 1, TRUE);
INSERT INTO simulacro_preguntas (simulacro_id, ejercicio_id, orden_pregunta, es_correcta) VALUES (1, 2, 2, TRUE);
INSERT INTO simulacro_preguntas (simulacro_id, ejercicio_id, orden_pregunta, es_correcta) VALUES (1, 3, 3, TRUE);
INSERT INTO simulacro_preguntas (simulacro_id, ejercicio_id, orden_pregunta, es_correcta) VALUES (1, 4, 4, TRUE);
INSERT INTO simulacro_preguntas (simulacro_id, ejercicio_id, orden_pregunta, es_correcta) VALUES (1, 5, 5, TRUE);
INSERT INTO simulacro_preguntas (simulacro_id, ejercicio_id, orden_pregunta, es_correcta) VALUES (1, 6, 6, TRUE);
INSERT INTO simulacro_preguntas (simulacro_id, ejercicio_id, orden_pregunta, es_correcta) VALUES (1, 7, 7, TRUE);
INSERT INTO simulacro_preguntas (simulacro_id, ejercicio_id, orden_pregunta, es_correcta) VALUES (1, 8, 8, TRUE);
INSERT INTO simulacro_preguntas (simulacro_id, ejercicio_id, orden_pregunta, es_correcta) VALUES (1, 9, 9, FALSE);
INSERT INTO simulacro_preguntas (simulacro_id, ejercicio_id, orden_pregunta, es_correcta) VALUES (1, 10, 10, FALSE);
INSERT INTO simulacro_preguntas (simulacro_id, ejercicio_id, orden_pregunta, es_correcta) VALUES (1, 11, 11, FALSE);
INSERT INTO simulacro_preguntas (simulacro_id, ejercicio_id, orden_pregunta, es_correcta) VALUES (1, 12, 12, FALSE);
INSERT INTO simulacro_preguntas (simulacro_id, ejercicio_id, orden_pregunta, es_correcta) VALUES (1, 13, 13, FALSE);
INSERT INTO simulacro_preguntas (simulacro_id, ejercicio_id, orden_pregunta, es_correcta) VALUES (1, 14, 14, FALSE);
INSERT INTO simulacro_preguntas (simulacro_id, ejercicio_id, orden_pregunta, es_correcta) VALUES (2, 15, 1, TRUE);
INSERT INTO simulacro_preguntas (simulacro_id, ejercicio_id, orden_pregunta, es_correcta) VALUES (2, 16, 2, TRUE);
INSERT INTO simulacro_preguntas (simulacro_id, ejercicio_id, orden_pregunta, es_correcta) VALUES (2, 17, 3, TRUE);
INSERT INTO simulacro_preguntas (simulacro_id, ejercicio_id, orden_pregunta, es_correcta) VALUES (2, 18, 4, TRUE);
INSERT INTO simulacro_preguntas (simulacro_id, ejercicio_id, orden_pregunta, es_correcta) VALUES (2, 19, 5, TRUE);
INSERT INTO simulacro_preguntas (simulacro_id, ejercicio_id, orden_pregunta, es_correcta) VALUES (2, 20, 6, TRUE);
INSERT INTO simulacro_preguntas (simulacro_id, ejercicio_id, orden_pregunta, es_correcta) VALUES (2, 21, 7, TRUE);
INSERT INTO simulacro_preguntas (simulacro_id, ejercicio_id, orden_pregunta, es_correcta) VALUES (2, 22, 8, TRUE);
INSERT INTO simulacro_preguntas (simulacro_id, ejercicio_id, orden_pregunta, es_correcta) VALUES (2, 23, 9, TRUE);
INSERT INTO simulacro_preguntas (simulacro_id, ejercicio_id, orden_pregunta, es_correcta) VALUES (2, 24, 10, TRUE);
INSERT INTO simulacro_preguntas (simulacro_id, ejercicio_id, orden_pregunta, es_correcta) VALUES (2, 25, 11, FALSE);
INSERT INTO simulacro_preguntas (simulacro_id, ejercicio_id, orden_pregunta, es_correcta) VALUES (2, 26, 12, FALSE);
INSERT INTO simulacro_preguntas (simulacro_id, ejercicio_id, orden_pregunta, es_correcta) VALUES (2, 27, 13, FALSE);
INSERT INTO simulacro_preguntas (simulacro_id, ejercicio_id, orden_pregunta, es_correcta) VALUES (2, 28, 14, FALSE);
INSERT INTO simulacro_preguntas (simulacro_id, ejercicio_id, orden_pregunta, es_correcta) VALUES (3, 29, 1, TRUE);
INSERT INTO simulacro_preguntas (simulacro_id, ejercicio_id, orden_pregunta, es_correcta) VALUES (3, 30, 2, TRUE);
INSERT INTO simulacro_preguntas (simulacro_id, ejercicio_id, orden_pregunta, es_correcta) VALUES (3, 31, 3, TRUE);
INSERT INTO simulacro_preguntas (simulacro_id, ejercicio_id, orden_pregunta, es_correcta) VALUES (3, 32, 4, TRUE);
INSERT INTO simulacro_preguntas (simulacro_id, ejercicio_id, orden_pregunta, es_correcta) VALUES (3, 33, 5, TRUE);
INSERT INTO simulacro_preguntas (simulacro_id, ejercicio_id, orden_pregunta, es_correcta) VALUES (3, 34, 6, TRUE);
INSERT INTO simulacro_preguntas (simulacro_id, ejercicio_id, orden_pregunta, es_correcta) VALUES (3, 35, 7, TRUE);
INSERT INTO simulacro_preguntas (simulacro_id, ejercicio_id, orden_pregunta, es_correcta) VALUES (3, 36, 8, TRUE);
INSERT INTO simulacro_preguntas (simulacro_id, ejercicio_id, orden_pregunta, es_correcta) VALUES (3, 37, 9, TRUE);
INSERT INTO simulacro_preguntas (simulacro_id, ejercicio_id, orden_pregunta, es_correcta) VALUES (3, 38, 10, FALSE);
INSERT INTO simulacro_preguntas (simulacro_id, ejercicio_id, orden_pregunta, es_correcta) VALUES (3, 39, 11, FALSE);
INSERT INTO simulacro_preguntas (simulacro_id, ejercicio_id, orden_pregunta, es_correcta) VALUES (3, 40, 12, FALSE);
INSERT INTO simulacro_preguntas (simulacro_id, ejercicio_id, orden_pregunta, es_correcta) VALUES (3, 41, 13, FALSE);
INSERT INTO simulacro_preguntas (simulacro_id, ejercicio_id, orden_pregunta, es_correcta) VALUES (3, 42, 14, FALSE);
INSERT INTO simulacro_resultados_modulo (simulacro_id, modulo_id, total_preguntas, total_correctas, puntaje_porcentaje) VALUES (1, 1, 2, 2, 100.0);
INSERT INTO simulacro_resultados_modulo (simulacro_id, modulo_id, total_preguntas, total_correctas, puntaje_porcentaje) VALUES (1, 2, 2, 2, 100.0);
INSERT INTO simulacro_resultados_modulo (simulacro_id, modulo_id, total_preguntas, total_correctas, puntaje_porcentaje) VALUES (1, 3, 2, 2, 100.0);
INSERT INTO simulacro_resultados_modulo (simulacro_id, modulo_id, total_preguntas, total_correctas, puntaje_porcentaje) VALUES (1, 4, 2, 2, 100.0);
INSERT INTO simulacro_resultados_modulo (simulacro_id, modulo_id, total_preguntas, total_correctas, puntaje_porcentaje) VALUES (1, 5, 2, 0, 0.0);
INSERT INTO simulacro_resultados_modulo (simulacro_id, modulo_id, total_preguntas, total_correctas, puntaje_porcentaje) VALUES (1, 6, 2, 0, 0.0);
INSERT INTO simulacro_resultados_modulo (simulacro_id, modulo_id, total_preguntas, total_correctas, puntaje_porcentaje) VALUES (1, 7, 2, 0, 0.0);
INSERT INTO simulacro_resultados_modulo (simulacro_id, modulo_id, total_preguntas, total_correctas, puntaje_porcentaje) VALUES (2, 1, 2, 2, 100.0);
INSERT INTO simulacro_resultados_modulo (simulacro_id, modulo_id, total_preguntas, total_correctas, puntaje_porcentaje) VALUES (2, 2, 2, 2, 100.0);
INSERT INTO simulacro_resultados_modulo (simulacro_id, modulo_id, total_preguntas, total_correctas, puntaje_porcentaje) VALUES (2, 3, 2, 2, 100.0);
INSERT INTO simulacro_resultados_modulo (simulacro_id, modulo_id, total_preguntas, total_correctas, puntaje_porcentaje) VALUES (2, 4, 2, 2, 100.0);
INSERT INTO simulacro_resultados_modulo (simulacro_id, modulo_id, total_preguntas, total_correctas, puntaje_porcentaje) VALUES (2, 5, 2, 2, 100.0);
INSERT INTO simulacro_resultados_modulo (simulacro_id, modulo_id, total_preguntas, total_correctas, puntaje_porcentaje) VALUES (2, 6, 2, 0, 0.0);
INSERT INTO simulacro_resultados_modulo (simulacro_id, modulo_id, total_preguntas, total_correctas, puntaje_porcentaje) VALUES (2, 7, 2, 0, 0.0);
INSERT INTO simulacro_resultados_modulo (simulacro_id, modulo_id, total_preguntas, total_correctas, puntaje_porcentaje) VALUES (3, 1, 2, 2, 100.0);
INSERT INTO simulacro_resultados_modulo (simulacro_id, modulo_id, total_preguntas, total_correctas, puntaje_porcentaje) VALUES (3, 2, 2, 2, 100.0);
INSERT INTO simulacro_resultados_modulo (simulacro_id, modulo_id, total_preguntas, total_correctas, puntaje_porcentaje) VALUES (3, 3, 2, 2, 100.0);
INSERT INTO simulacro_resultados_modulo (simulacro_id, modulo_id, total_preguntas, total_correctas, puntaje_porcentaje) VALUES (3, 4, 2, 2, 100.0);
INSERT INTO simulacro_resultados_modulo (simulacro_id, modulo_id, total_preguntas, total_correctas, puntaje_porcentaje) VALUES (3, 5, 2, 1, 50.0);
INSERT INTO simulacro_resultados_modulo (simulacro_id, modulo_id, total_preguntas, total_correctas, puntaje_porcentaje) VALUES (3, 6, 2, 0, 0.0);
INSERT INTO simulacro_resultados_modulo (simulacro_id, modulo_id, total_preguntas, total_correctas, puntaje_porcentaje) VALUES (3, 7, 2, 0, 0.0);
INSERT INTO hilos_foro (id, estudiante_id, modulo_id, subtema_id, titulo, contenido, estado) VALUES (1, 4, 2, 6, 'Duda sobre productos notables', 'No entiendo cuándo usar diferencia de cuadrados.', 'RESUELTO');
INSERT INTO hilos_foro (id, estudiante_id, modulo_id, subtema_id, titulo, contenido, estado) VALUES (2, 5, 7, 25, 'Problema con funciones trigonométricas', 'Me confundo con seno y coseno en la circunferencia.', 'ABIERTO');
INSERT INTO respuestas_foro (id, hilo_id, usuario_id, contenido, es_solucion_aceptada) VALUES (1, 1, 9, 'La diferencia de cuadrados aplica cuando tienes a^2 - b^2 y factoriza como (a-b)(a+b).', TRUE);
INSERT INTO respuestas_foro (id, hilo_id, usuario_id, contenido, es_solucion_aceptada) VALUES (2, 2, 10, 'Empieza ubicando el ángulo y luego proyecta en eje x e y para coseno y seno.', FALSE);
UPDATE hilos_foro SET respuesta_aceptada_id = 1 WHERE id = 1;
INSERT INTO auditoria_actividad (usuario_id, entidad, entidad_id, accion, detalle) VALUES (4, 'usuarios', 4, 'LOGIN', '{"detalle":"Inicio de sesión del estudiante 4"}'::jsonb);
INSERT INTO auditoria_actividad (usuario_id, entidad, entidad_id, accion, detalle) VALUES (9, 'ejercicios', 1, 'CREAR', '{"detalle":"Tutor creó ejercicio 1"}'::jsonb);
INSERT INTO auditoria_actividad (usuario_id, entidad, entidad_id, accion, detalle) VALUES (13, 'ejercicios', 1, 'PUBLICAR', '{"detalle":"Revisor publicó ejercicio 1"}'::jsonb);
COMMIT;
